date,storage,water_level,rain_mm,temp_max_c,temp_min_c,year,month,dayofyear,is_monsoon,temp_mean_c,is_rainy_day,rain_3d_sum,rain_7d_sum,water_level_lag1,water_level_lag3,water_level_lag7,storage_lag1,storage_lag3,storage_lag7,rain_mm_lag1,rain_mm_lag3,rain_mm_lag7,water_level_change_1d,water_level_change_3d
08-01-2021,7.4074039,174.3456,0.4,29.7,20.7,2021,1,8,0,25.2,1,2.7,2.7,174.528,174.894,175.595,7.450066061,7.535322423,7.69937041,0.2,0,0,-0.1824,-0.5484
09-01-2021,7.364809699,174.163,0,30,21,2021,1,9,0,25.5,0,0.6,2.7,174.3456,174.711,175.412,7.4074039,7.492711232,7.656124922,0.4,2.1,0,-0.1826,-0.548
10-01-2021,7.329314532,174.01,0,30.5,19.5,2021,1,10,0,25,0,0.4,2.7,174.163,174.528,175.23,7.364809699,7.450066061,7.613519395,0,0.2,0,-0.153,-0.518
11-01-2021,7.286720332,173.827,0,30.5,21.2,2021,1,11,0,25.85,0,0,2.7,174.01,174.3456,175.321,7.329314532,7.4074039,7.634816495,0,0.4,0,-0.183,-0.5186
12-01-2021,7.293825312,173.858,0,31.4,20,2021,1,12,0,25.7,0,0,2.7,173.827,174.163,174.894,7.286720332,7.364809699,7.535322423,0,0,0,0.031,-0.305
13-01-2021,7.21565071,173.523,0,30.8,20.4,2021,1,13,0,25.6,0,0,0.6,173.858,174.01,174.711,7.293825312,7.329314532,7.492711232,0,0,2.1,-0.335,-0.487
14-01-2021,7.180115899,173.37,0,30.4,19.9,2021,1,14,0,25.15,0,0,0.4,173.523,173.827,174.528,7.21565071,7.286720332,7.450066061,0,0,0.2,-0.153,-0.457
15-01-2021,7.151708439,173.248,0,29.9,20.5,2021,1,15,0,25.2,0,0,0,173.37,173.858,174.3456,7.180115899,7.293825312,7.4074039,0,0,0.4,-0.122,-0.61
16-01-2021,7.123300978,173.126,0,30.4,19.7,2021,1,16,0,25.05,0,0,0,173.248,173.523,174.163,7.151708439,7.21565071,7.364809699,0,0,0,-0.122,-0.397
17-01-2021,7.094870864,173.004,0,29.9,19.6,2021,1,17,0,24.75,0,0,0,173.126,173.37,174.01,7.123300978,7.180115899,7.329314532,0,0,0,-0.122,-0.366
18-01-2021,7.06644075,172.883,0,30,19.7,2021,1,18,0,24.85,0,0,0,173.004,173.248,173.827,7.094870864,7.151708439,7.286720332,0,0,0,-0.121,-0.365
19-01-2021,7.038021963,172.761,0,29.2,19.1,2021,1,19,0,24.15,0,0,0,172.883,173.126,173.858,7.06644075,7.123300978,7.293825312,0,0,0,-0.122,-0.365
20-01-2021,7.009614502,172.639,0,31.2,20,2021,1,20,0,25.6,0,0,0,172.761,173.004,173.523,7.038021963,7.094870864,7.21565071,0,0,0,-0.122,-0.365
21-01-2021,6.967665926,172.456,0,32.5,20.8,2021,1,21,0,26.65,0,0,0,172.639,172.883,173.37,7.009614502,7.06644075,7.180115899,0,0,0,-0.183,-0.427
22-01-2021,6.933813136,172.303,0,32.2,21.1,2021,1,22,0,26.65,0,0,0,172.456,172.761,173.248,6.967665926,7.038021963,7.151708439,0,0,0,-0.153,-0.458
23-01-2021,6.900045296,172.151,0,31.6,20.2,2021,1,23,0,25.9,0,0,0,172.303,172.639,173.126,6.933813136,7.009614502,7.123300978,0,0,0,-0.152,-0.488
24-01-2021,6.866404883,171.999,0,31.6,20.6,2021,1,24,0,26.1,0,0,0,172.151,172.456,173.004,6.900045296,6.967665926,7.094870864,0,0,0,-0.152,-0.457
25-01-2021,6.83290039,171.846,0,32.4,21.5,2021,1,25,0,26.95,0,0,0,171.999,172.303,172.883,6.866404883,6.933813136,7.06644075,0,0,0,-0.153,-0.457
26-01-2021,6.799599778,171.694,0,32.8,21.3,2021,1,26,0,27.05,0,0,0,171.846,172.151,172.761,6.83290039,6.900045296,7.038021963,0,0,0,-0.152,-0.457
27-01-2021,6.772959289,171.572,0,32.1,21.1,2021,1,27,0,26.6,0,0,0,171.694,171.999,172.639,6.799599778,6.866404883,7.009614502,0,0,0,-0.122,-0.427
28-01-2021,6.746205532,171.45,0,31.3,20.6,2021,1,28,0,25.95,0,0,0,171.572,171.846,172.456,6.772959289,6.83290039,6.967665926,0,0,0,-0.122,-0.396
29-01-2021,6.713018188,171.2976,0,31.5,20.8,2021,1,29,0,26.15,0,0,0,171.45,171.694,172.303,6.746205532,6.799599778,6.933813136,0,0,0,-0.1524,-0.3964
30-01-2021,6.700235963,171.237,0,32.3,21.3,2021,1,30,0,26.8,0,0,0,171.2976,171.572,172.151,6.713018188,6.772959289,6.900045296,0,0,0,-0.0606,-0.335
31-01-2021,6.674671514,171.115,0,31.3,20.9,2021,1,31,0,26.1,0,0,0,171.237,171.45,171.999,6.700235963,6.746205532,6.866404883,0,0,0,-0.122,-0.335
01-02-2021,6.642203418,170.962,0.2,30.7,21.2,2021,2,32,0,25.95,1,0.2,0.2,171.115,171.2976,171.846,6.674671514,6.713018188,6.83290039,0,0,0,-0.153,-0.3356
02-02-2021,6.607685182,170.80992,0.1,30.7,20.4,2021,2,33,0,25.55,1,0.3,0.3,170.962,171.237,171.694,6.642203418,6.700235963,6.799599778,0.2,0,0,-0.15208,-0.42708
03-02-2021,6.566976883,170.62704,0,30.7,18.9,2021,2,34,0,24.8,0,0.3,0.3,170.80992,171.115,171.572,6.607685182,6.674671514,6.772959289,0.1,0,0,-0.18288,-0.48796
04-02-2021,6.547336319,170.5356,0,30.4,18,2021,2,35,0,24.2,0,0.1,0.3,170.62704,170.962,171.45,6.566976883,6.642203418,6.746205532,0,0.2,0,-0.09144,-0.4264
05-02-2021,6.514602044,170.3832,0,30.8,18.6,2021,2,36,0,24.7,0,0,0.3,170.5356,170.80992,171.2976,6.547336319,6.607685182,6.713018188,0,0.1,0,-0.1524,-0.42672
06-02-2021,6.510156299,170.2308,0,31.7,19,2021,2,37,0,25.35,0,0,0.3,170.3832,170.62704,171.237,6.514602044,6.566976883,6.700235963,0,0,0,-0.1524,-0.39624
07-02-2021,6.44263761,170.04792,0,31.2,18.8,2021,2,38,0,25,0,0,0.3,170.2308,170.5356,171.115,6.510156299,6.547336319,6.674671514,0,0,0,-0.18288,-0.48768
08-02-2021,6.423234907,169.95648,0,30.1,17.7,2021,2,39,0,23.9,0,0,0.1,170.04792,170.3832,170.962,6.44263761,6.514602044,6.642203418,0,0,0.2,-0.09144,-0.42672
09-02-2021,6.416767339,169.926,0,30.9,19,2021,2,40,0,24.95,0,0,0,169.95648,170.2308,170.80992,6.423234907,6.510156299,6.607685182,0,0,0.1,-0.03048,-0.3048
10-02-2021,6.390885741,169.80408,0,31.3,18.7,2021,2,41,0,25,0,0,0,169.926,170.04792,170.62704,6.416767339,6.44263761,6.566976883,0,0,0,-0.12192,-0.24384
11-02-2021,6.358683823,169.65168,0,31.9,19.7,2021,2,42,0,25.8,0,0,0,169.80408,169.95648,170.5356,6.390885741,6.423234907,6.547336319,0,0,0,-0.1524,-0.3048
12-02-2021,6.326501727,169.49928,0,32,19.2,2021,2,43,0,25.6,0,0,0,169.65168,169.926,170.3832,6.358683823,6.416767339,6.514602044,0,0,0,-0.1524,-0.42672
13-02-2021,6.294432898,169.34688,0,32.2,19.3,2021,2,44,0,25.75,0,0,0,169.49928,169.80408,170.2308,6.326501727,6.390885741,6.510156299,0,0,0,-0.1524,-0.4572
14-02-2021,6.262392386,169.19448,0,32.5,19.5,2021,2,45,0,26,0,0,0,169.34688,169.65168,170.04792,6.294432898,6.358683823,6.44263761,0,0,0,-0.1524,-0.4572
15-02-2021,6.236853422,169.07256,0,33.6,21.2,2021,2,46,0,27.4,0,0,0,169.19448,169.49928,169.95648,6.262392386,6.326501727,6.423234907,0,0,0,-0.12192,-0.42672
16-02-2021,6.211345607,168.95064,0,34,21.8,2021,2,47,0,27.9,0,0,0,169.07256,169.34688,169.926,6.236853422,6.294432898,6.416767339,0,0,0,-0.12192,-0.39624
17-02-2021,6.18586894,168.82872,0,33.2,19.9,2021,2,48,0,26.55,0,0,0,168.95064,169.19448,169.80408,6.211345607,6.262392386,6.390885741,0,0,0,-0.12192,-0.36576
18-02-2021,6.18586894,168.82872,0,31.7,19.6,2021,2,49,0,25.65,0,0,0,168.82872,169.07256,169.65168,6.18586894,6.236853422,6.358683823,0,0,0,0,-0.24384
19-02-2021,6.166276514,168.737,0.3,28.1,21.1,2021,2,50,0,24.6,1,0.3,0.3,168.82872,168.95064,169.49928,6.18586894,6.211345607,6.326501727,0,0,0,-0.09172,-0.21364
20-02-2021,6.147870564,168.646,0.3,31.3,19.8,2021,2,51,0,25.55,1,0.6,0.6,168.737,168.82872,169.34688,6.166276514,6.18586894,6.294432898,0.3,0,0,-0.091,-0.18272
21-02-2021,6.071924781,168.28008,0.1,30.6,21,2021,2,52,0,25.8,1,0.7,0.7,168.646,168.82872,169.19448,6.147870564,6.18586894,6.262392386,0.3,0,0,-0.36592,-0.54864
22-02-2021,6.053037444,168.18864,0,32.7,21.2,2021,2,53,0,26.95,0,0.4,0.7,168.28008,168.737,169.07256,6.071924781,6.166276514,6.236853422,0.1,0.3,0,-0.09144,-0.54836
23-02-2021,6.046751104,168.15816,0,33.8,21.4,2021,2,54,0,27.6,0,0.1,0.7,168.18864,168.646,168.95064,6.053037444,6.147870564,6.211345607,0,0.3,0,-0.03048,-0.48784
24-02-2021,6.046751104,168.15816,0,34.5,21.4,2021,2,55,0,27.95,0,0,0.7,168.15816,168.28008,168.82872,6.046751104,6.071924781,6.18586894,0,0.1,0,0,-0.12192
25-02-2021,6.046751104,168.15816,0,35.2,22.8,2021,2,56,0,29,0,0,0.7,168.15816,168.18864,168.82872,6.046751104,6.053037444,6.18586894,0,0,0,0,-0.03048
26-02-2021,6.040464765,168.12768,0,36.7,21.9,2021,2,57,0,29.3,0,0,0.4,168.15816,168.15816,168.737,6.046751104,6.046751104,6.166276514,0,0,0.3,-0.03048,-0.03048
27-02-2021,6.021605745,168.03624,0,36.8,23.7,2021,2,58,0,30.25,0,0,0.1,168.12768,168.15816,168.646,6.040464765,6.046751104,6.147870564,0,0,0.3,-0.09144,-0.12192
28-02-2021,6.002746725,167.9448,0,37.3,22.8,2021,2,59,0,30.05,0,0,0,168.03624,168.15816,168.28008,6.021605745,6.046751104,6.071924781,0,0,0.1,-0.09144,-0.21336
01-03-2021,5.983989646,167.85336,0,37.4,22.5,2021,3,60,0,29.95,0,0,0,167.9448,168.12768,168.18864,6.002746725,6.040464765,6.053037444,0,0,0,-0.09144,-0.27432
02-03-2021,5.946475487,167.67048,0,36.5,22.3,2021,3,61,0,29.4,0,0,0,167.85336,168.03624,168.15816,5.983989646,6.021605745,6.046751104,0,0,0,-0.18288,-0.36576
03-03-2021,5.921550999,167.54856,0,37.3,23.1,2021,3,62,0,30.2,0,0,0,167.67048,167.9448,168.15816,5.946475487,6.002746725,6.046751104,0,0,0,-0.12192,-0.39624
04-03-2021,5.896700134,167.427,0,36.1,22.2,2021,3,63,0,29.15,0,0,0,167.54856,167.85336,168.15816,5.921550999,5.983989646,6.046751104,0,0,0,-0.12156,-0.42636
05-03-2021,5.877982699,167.3352,0,36.2,22.6,2021,3,64,0,29.4,0,0,0,167.427,167.67048,168.12768,5.896700134,5.946475487,6.040464765,0,0,0,-0.0918,-0.33528
06-03-2021,5.840825333,167.15232,0,37.1,22,2021,3,65,0,29.55,0,0,0,167.3352,167.54856,168.03624,5.877982699,5.921550999,6.021605745,0,0,0,-0.18288,-0.39624
07-03-2021,5.859406847,167.244,0,37.2,22,2021,3,66,0,29.6,0,0,0,167.15232,167.427,167.9448,5.840825333,5.896700134,6.002746725,0,0,0,0.09168,-0.183
08-03-2021,5.816053755,167.0304,0,36.9,22.1,2021,3,67,0,29.5,0,0,0,167.244,167.3352,167.85336,5.859406847,5.877982699,5.983989646,0,0,0,-0.2136,-0.3048
09-03-2021,5.809894841,166.99992,0,36,22.2,2021,3,68,0,29.1,0,0,0,167.0304,167.15232,167.67048,5.816053755,5.840825333,5.946475487,0,0,0,-0.03048,-0.1524
10-03-2021,5.797577013,166.93896,0,36.8,22.3,2021,3,69,0,29.55,0,0,0,166.99992,167.244,167.54856,5.809894841,5.859406847,5.921550999,0,0,0,-0.06096,-0.30504
11-03-2021,5.760623528,166.75608,0,36.9,22.1,2021,3,70,0,29.5,0,0,0,166.93896,167.0304,167.427,5.797577013,5.816053755,5.896700134,0,0,0,-0.18288,-0.27432
12-03-2021,5.742209083,166.66464,0,36.8,22,2021,3,71,0,29.4,0,0,0,166.75608,166.99992,167.3352,5.760623528,5.809894841,5.877982699,0,0,0,-0.09144,-0.33528
13-03-2021,5.711570255,166.51224,0,36,18.8,2021,3,72,0,27.4,0,0,0,166.66464,166.93896,167.15232,5.742209083,5.797577013,5.840825333,0,0,0,-0.1524,-0.42672
14-03-2021,5.717737664,166.543,0,36.6,23.1,2021,3,73,0,29.85,0,0,0,166.51224,166.75608,167.244,5.711570255,5.760623528,5.859406847,0,0,0,0.03076,-0.21308
15-03-2021,5.754549564,166.726,0,37.3,22.7,2021,3,74,0,30,0,0,0,166.543,166.66464,167.0304,5.717737664,5.742209083,5.816053755,0,0,0,0.183,0.06136
16-03-2021,5.779185221,166.848,0,37.7,23.5,2021,3,75,0,30.6,0,0,0,166.726,166.51224,166.99992,5.754549564,5.711570255,5.809894841,0,0,0,0.122,0.33576
17-03-2021,5.791361465,166.908,0,38,23.8,2021,3,76,0,30.9,0,0,0,166.848,166.543,166.93896,5.779185221,5.717737664,5.797577013,0,0,0,0.06,0.365
18-03-2021,5.822226828,167.061,0,37.2,23.3,2021,3,77,0,30.25,0,0,0,166.908,166.726,166.75608,5.791361465,5.754549564,5.760623528,0,0,0,0.153,0.335
19-03-2021,5.822226828,167.061,0,37.4,23.1,2021,3,78,0,30.25,0,0,0,167.061,166.848,166.66464,5.822226828,5.779185221,5.742209083,0,0,0,0,0.213
20-03-2021,5.797591171,166.939,0,37.3,21.7,2021,3,79,0,29.5,0,0,0,167.061,166.908,166.51224,5.822226828,5.791361465,5.711570255,0,0,0,-0.122,0.031
21-03-2021,5.803820878,166.969,0,37.7,22.7,2021,3,80,0,30.2,0,0,0,166.939,167.061,166.543,5.797591171,5.822226828,5.717737664,0,0,0,0.03,-0.092
22-03-2021,5.797591171,166.939,0,38.5,25.1,2021,3,81,0,31.8,0,0,0,166.969,167.061,166.726,5.803820878,5.822226828,5.754549564,0,0,0,-0.03,-0.122
23-03-2021,5.797591171,166.939,0,38,23.3,2021,3,82,0,30.65,0,0,0,166.939,166.939,166.848,5.797591171,5.797591171,5.779185221,0,0,0,0,0
24-03-2021,5.791361465,166.908,0,38.2,24.9,2021,3,83,0,31.55,0,0,0,166.939,166.969,166.908,5.797591171,5.803820878,5.791361465,0,0,0,-0.031,-0.061
25-03-2021,5.822226828,167.061,0,38.8,24.9,2021,3,84,0,31.85,0,0,0,166.908,166.939,167.061,5.791361465,5.797591171,5.822226828,0,0,0,0.153,0.122
26-03-2021,5.822226828,167.061,0,39.3,25.3,2021,3,85,0,32.3,0,0,0,167.061,166.939,167.061,5.822226828,5.797591171,5.822226828,0,0,0,0,0.122
27-03-2021,5.797591171,166.939,0,39.1,26.2,2021,3,86,0,32.65,0,0,0,167.061,166.908,166.939,5.822226828,5.791361465,5.797591171,0,0,0,-0.122,0.031
28-03-2021,5.772955515,166.817,0,39.3,26.1,2021,3,87,0,32.7,0,0,0,166.939,167.061,166.969,5.797591171,5.822226828,5.803820878,0,0,0,-0.122,-0.244
29-03-2021,5.748319858,166.695,0,40.2,25.5,2021,3,88,0,32.85,0,0,0,166.817,167.061,166.939,5.772955515,5.822226828,5.797591171,0,0,0,-0.122,-0.366
30-03-2021,5.729913908,166.604,0,41,26.3,2021,3,89,0,33.65,0,0,0,166.695,166.939,166.939,5.748319858,5.797591171,5.797591171,0,0,0,-0.091,-0.335
31-03-2021,5.711570255,166.51224,0,41.9,26.8,2021,3,90,0,34.35,0,0,0,166.604,166.817,166.908,5.729913908,5.772955515,5.791361465,0,0,0,-0.09176,-0.30476
01-04-2021,5.723825786,166.5732,0,41.2,24.8,2021,4,91,0,33,0,0,0,166.51224,166.695,167.061,5.711570255,5.748319858,5.822226828,0,0,0,0.06096,-0.1218
02-04-2021,5.72396737,166.573,0,41.6,26.3,2021,4,92,0,33.95,0,0,0,166.5732,166.604,167.061,5.723825786,5.729913908,5.822226828,0,0,0,-0.0002,-0.031
03-04-2021,5.699331714,166.451,0,40.4,26.4,2021,4,93,0,33.4,0,0,0,166.573,166.51224,166.939,5.72396737,5.711570255,5.797591171,0,0,0,-0.122,-0.06124
04-04-2021,5.680925763,166.36,0,39.3,26.3,2021,4,94,0,32.8,0,0,0,166.451,166.5732,166.817,5.699331714,5.723825786,5.772955515,0,0,0,-0.091,-0.2132
05-04-2021,5.650626737,166.207,0.1,38.4,26.5,2021,4,95,0,32.45,1,0.1,0.1,166.36,166.573,166.695,5.680925763,5.72396737,5.748319858,0,0,0,-0.153,-0.366
06-04-2021,5.632220787,166.116,0,38.8,25.8,2021,4,96,0,32.3,0,0.1,0.1,166.207,166.451,166.604,5.650626737,5.699331714,5.729913908,0.1,0,0,-0.091,-0.335
07-04-2021,5.595975224,165.933,0,39.8,25,2021,4,97,0,32.4,0,0.1,0.1,166.116,166.36,166.51224,5.632220787,5.680925763,5.711570255,0,0,0,-0.183,-0.427
08-04-2021,5.571622735,165.811,0,40.2,25.2,2021,4,98,0,32.7,0,0,0.1,165.933,166.207,166.5732,5.595975224,5.650626737,5.723825786,0,0.1,0,-0.122,-0.396
09-04-2021,5.547553416,165.689,0,38.5,24.6,2021,4,99,0,31.55,0,0,0.1,165.811,166.116,166.573,5.571622735,5.632220787,5.72396737,0,0,0,-0.122,-0.427
10-04-2021,5.523484096,165.567,0,37.5,25.1,2021,4,100,0,31.3,0,0,0.1,165.689,165.933,166.451,5.547553416,5.595975224,5.699331714,0,0,0,-0.122,-0.366
11-04-2021,5.499414777,165.445,0,37.8,25.3,2021,4,101,0,31.55,0,0,0.1,165.567,165.811,166.36,5.523484096,5.571622735,5.680925763,0,0,0,-0.122,-0.366
12-04-2021,5.475628626,165.324,0,37.1,25.6,2021,4,102,0,31.35,0,0,0,165.445,165.689,166.207,5.499414777,5.547553416,5.650626737,0,0,0.1,-0.121,-0.365
13-04-2021,5.475628626,165.171,0.6,37.7,26.7,2021,4,103,0,32.2,1,0.6,0.6,165.324,165.567,166.116,5.475628626,5.523484096,5.632220787,0,0,0,-0.153,-0.396
14-04-2021,5.421826617,165.049,1.4,37.2,26.6,2021,4,104,0,31.9,1,2,2,165.171,165.445,165.933,5.475628626,5.499414777,5.595975224,0.6,0,0,-0.122,-0.396
15-04-2021,5.409845759,164.98824,0,35.6,24.8,2021,4,105,0,30.2,0,2,2,165.049,165.324,165.811,5.421826617,5.475628626,5.571622735,1.4,0,0,-0.06076,-0.33576
16-04-2021,5.38614739,164.866,0,36.6,24.9,2021,4,106,0,30.75,0,1.4,2,164.98824,165.171,165.689,5.409845759,5.475628626,5.547553416,0,0.6,0,-0.12224,-0.305
17-04-2021,5.368307777,164.775,0,38.4,25.5,2021,4,107,0,31.95,0,0,2,164.866,165.049,165.567,5.38614739,5.421826617,5.523484096,0,1.4,0,-0.091,-0.274
18-04-2021,5.344521626,164.653,0,38,25.9,2021,4,108,0,31.95,0,0,2,164.775,164.98824,165.445,5.368307777,5.409845759,5.499414777,0,0,0,-0.122,-0.33524
19-04-2021,5.332911719,164.592,0,38.9,26.5,2021,4,109,0,32.7,0,0,2,164.653,164.866,165.324,5.344521626,5.38614739,5.475628626,0,0,0,-0.061,-0.274
20-04-2021,5.315072105,164.501,0,38.7,27.8,2021,4,110,0,33.25,0,0,1.4,164.592,164.775,165.171,5.332911719,5.368307777,5.475628626,0,0,0.6,-0.091,-0.274
21-04-2021,5.303462198,164.4396,0,37.6,27.4,2021,4,111,0,32.5,0,0,0,164.501,164.653,165.049,5.315072105,5.344521626,5.421826617,0,0,1.4,-0.0614,-0.2134
22-04-2021,5.285622585,164.348,1.2,35.5,27.3,2021,4,112,0,31.4,1,1.2,1.2,164.4396,164.592,164.98824,5.303462198,5.332911719,5.409845759,0,0,0,-0.0916,-0.244
23-04-2021,5.274012678,164.287,0.3,35.4,27.3,2021,4,113,0,31.35,1,1.5,1.5,164.348,164.501,164.866,5.285622585,5.315072105,5.38614739,1.2,0,0,-0.061,-0.214
24-04-2021,5.262402771,164.226,0,38.3,27.1,2021,4,114,0,32.7,0,1.5,1.5,164.287,164.4396,164.775,5.274012678,5.303462198,5.368307777,0.3,0,0,-0.061,-0.2136
25-04-2021,5.250509695,164.165,0,39.3,26.9,2021,4,115,0,33.1,0,0.3,1.5,164.226,164.348,164.653,5.262402771,5.285622585,5.344521626,0,1.2,0,-0.061,-0.183
27-04-2021,5.233052359,164.07384,0,39.2,25.6,2021,4,117,0,32.4,0,0,1.5,164.165,164.287,164.592,5.250509695,5.274012678,5.332911719,0,0.3,0,-0.09116,-0.21316
28-04-2021,5.22720493,164.04336,0.2,38.4,27.2,2021,4,118,0,32.8,1,0.2,1.7,164.07384,164.226,164.501,5.233052359,5.262402771,5.315072105,0,0,0,-0.03048,-0.18264
29-04-2021,5.221357502,164.01288,0,39,27.6,2021,4,119,0,33.3,0,0.2,1.7,164.04336,164.165,164.4396,5.22720493,5.250509695,5.303462198,0.2,0,0,-0.03048,-0.15212
30-04-2021,5.203894502,163.92144,0,38.8,26.1,2021,4,120,0,32.45,0,0.2,0.5,164.01288,164.07384,164.348,5.221357502,5.233052359,5.285622585,0,0,1.2,-0.09144,-0.1524
01-05-2021,5.203786898,163.921,0,38.7,25.7,2021,5,121,0,32.2,0,0,0.2,163.92144,164.04336,164.287,5.203894502,5.22720493,5.274012678,0,0.2,0.3,-0.00044,-0.12236
02-05-2021,5.186471147,163.83,0,38.2,24.9,2021,5,122,0,31.55,0,0,0.2,163.921,164.01288,164.226,5.203786898,5.221357502,5.262402771,0,0,0,-0.091,-0.18288
03-05-2021,5.180567084,163.8,0,37.2,26,2021,5,123,0,31.6,0,0,0.2,163.83,163.92144,164.165,5.186471147,5.203894502,5.250509695,0,0,0,-0.03,-0.12144
04-05-2021,5.168957177,163.739,0,37.7,26.2,2021,5,124,0,31.95,0,0,0.2,163.8,163.921,164.07384,5.180567084,5.203786898,5.233052359,0,0,0,-0.061,-0.182
05-05-2021,5.15743222,163.6776,0,39.3,27.2,2021,5,125,0,33.25,0,0,0,163.739,163.83,164.04336,5.168957177,5.186471147,5.22720493,0,0,0.2,-0.0614,-0.1524
06-05-2021,5.145737363,163.617,0,38,27.7,2021,5,126,0,32.85,0,0,0,163.6776,163.8,164.01288,5.15743222,5.180567084,5.221357502,0,0,0,-0.0606,-0.183
07-05-2021,5.134410624,163.556,0.1,38,27.3,2021,5,127,0,32.65,1,0.1,0.1,163.617,163.739,163.92144,5.145737363,5.168957177,5.203894502,0,0,0,-0.061,-0.183
08-05-2021,5.128577354,163.5252,0.1,37.9,27.4,2021,5,128,0,32.65,1,0.2,0.2,163.556,163.6776,163.921,5.134410624,5.15743222,5.203786898,0.1,0,0,-0.0308,-0.1524
09-05-2021,5.116854179,163.464,0.1,38.6,27.2,2021,5,129,0,32.9,1,0.3,0.3,163.5252,163.617,163.83,5.128577354,5.145737363,5.186471147,0.1,0,0,-0.0612,-0.153
10-05-2021,5.116854179,163.464,0,38.4,27.6,2021,5,130,0,33,0,0.2,0.3,163.464,163.556,163.8,5.116854179,5.134410624,5.180567084,0.1,0.1,0,0,-0.092
11-05-2021,5.10549346,163.40328,0,38.9,28.2,2021,5,131,0,33.55,0,0.1,0.3,163.464,163.5252,163.739,5.116854179,5.128577354,5.168957177,0,0.1,0,-0.06072,-0.12192
13-05-2021,5.082596458,163.31184,0.2,38.7,28.7,2021,5,133,0,33.7,1,0.2,0.5,163.40328,163.464,163.6776,5.10549346,5.116854179,5.15743222,0,0.1,0,-0.09144,-0.15216
14-05-2021,5.082505844,163.281,0.2,39,28.7,2021,5,134,0,33.85,1,0.4,0.7,163.31184,163.464,163.617,5.082596458,5.116854179,5.145737363,0.2,0,0,-0.03084,-0.183
15-05-2021,5.070980888,163.22,2.7,36.3,27.6,2021,5,135,0,31.95,1,3.1,3.3,163.281,163.40328,163.556,5.082505844,5.10549346,5.134410624,0.2,0,0.1,-0.061,-0.18328
16-05-2021,5.065317518,163.19,3.5,33.3,26.5,2021,5,136,0,29.9,1,6.4,6.7,163.22,163.31184,163.5252,5.070980888,5.082596458,5.128577354,2.7,0.2,0.1,-0.03,-0.12184
17-05-2021,5.065317518,163.19,1.7,36,26.3,2021,5,137,0,31.15,1,7.9,8.3,163.19,163.281,163.464,5.065317518,5.082505844,5.116854179,3.5,0.2,0.1,0,-0.091
18-05-2021,5.05399078,163.129,0.2,36.7,27.7,2021,5,138,0,32.2,1,5.4,8.5,163.19,163.22,163.464,5.065317518,5.070980888,5.116854179,1.7,2.7,0,-0.061,-0.091
19-05-2021,5.04240919,163.068,0.4,36.4,27.1,2021,5,139,0,31.75,1,2.3,8.9,163.129,163.19,163.40328,5.05399078,5.065317518,5.10549346,0.2,3.5,0,-0.061,-0.122
20-05-2021,5.031054134,163.007,3.6,36.4,26.2,2021,5,140,0,31.3,1,4.2,12.3,163.068,163.19,163.31184,5.04240919,5.065317518,5.082596458,0.4,1.7,0.2,-0.061,-0.183
21-05-2021,5.025390765,162.977,0.6,37.3,28.2,2021,5,141,0,32.75,1,4.6,12.7,163.007,163.129,163.281,5.031054134,5.05399078,5.082505844,3.6,0.2,0.2,-0.03,-0.152
22-05-2021,5.014064026,162.916,0.3,35.6,26.7,2021,5,142,0,31.15,1,4.5,10.3,162.977,163.068,163.22,5.025390765,5.04240919,5.070980888,0.6,0.4,2.7,-0.061,-0.152
23-05-2021,5.014064026,162.916,0.6,39.3,28.4,2021,5,143,0,33.85,1,1.5,7.4,162.916,163.007,163.19,5.014064026,5.031054134,5.065317518,0.3,3.6,3.5,0,-0.091
24-05-2021,4.99679075,162.824,0,40,28.3,2021,5,144,0,34.15,0,0.9,5.7,162.916,162.977,163.19,5.014064026,5.025390765,5.065317518,0.6,0.6,1.7,-0.092,-0.153
25-05-2021,4.968473903,162.672,0,40.4,30.2,2021,5,145,0,35.3,0,0.6,5.5,162.824,162.916,163.129,4.99679075,5.014064026,5.05399078,0,0.3,0.2,-0.152,-0.244
26-05-2021,4.962810534,162.641,0,40.1,29.7,2021,5,146,0,34.9,0,0,5.1,162.672,162.916,163.068,4.968473903,5.014064026,5.04240919,0,0.6,0.4,-0.031,-0.275
27-05-2021,4.951483795,162.58,0,39.5,29.9,2021,5,147,0,34.7,0,0,1.5,162.641,162.824,163.007,4.962810534,4.99679075,5.031054134,0,0,3.6,-0.061,-0.244
28-05-2021,4.940157056,162.519,0,37.6,30,2021,5,148,0,33.8,0,0,0.9,162.58,162.672,162.977,4.951483795,4.968473903,5.025390765,0,0,0.6,-0.061,-0.153
29-05-2021,4.934493687,162.489,1,39.1,29.1,2021,5,149,0,34.1,1,1,1.6,162.519,162.641,162.916,4.940157056,4.962810534,5.014064026,0,0,0.3,-0.03,-0.152
30-05-2021,4.934493687,162.489,0,39.8,29.4,2021,5,150,0,34.6,0,1,1,162.489,162.58,162.916,4.934493687,4.951483795,5.014064026,1,0,0.6,0,-0.091
01-06-2021,4.928830318,162.458,1.2,39.1,28.3,2021,6,152,1,33.7,1,2.2,2.2,162.489,162.519,162.824,4.934493687,4.940157056,4.99679075,0,0,0,-0.031,-0.061
02-06-2021,4.923166949,162.428,1.6,37.6,27.9,2021,6,153,1,32.75,1,2.8,3.8,162.458,162.489,162.672,4.928830318,4.934493687,4.968473903,1.2,1,0,-0.03,-0.061
03-06-2021,4.928830318,162.458,6.6,30.4,25.6,2021,6,154,1,28,1,9.4,10.4,162.428,162.489,162.641,4.923166949,4.934493687,4.962810534,1.6,0,0,0.03,-0.031
04-06-2021,4.934493687,162.489,0.5,33.9,26.8,2021,6,155,1,30.35,1,8.7,10.9,162.458,162.458,162.58,4.928830318,4.928830318,4.951483795,6.6,1.2,0,0.031,0.031
05-06-2021,4.940157056,162.519,0.1,35.1,26.4,2021,6,156,1,30.75,1,7.2,11,162.489,162.428,162.519,4.934493687,4.923166949,4.940157056,0.5,1.6,0,0.03,0.091
06-06-2021,4.934493687,162.489,6.6,35.1,25.4,2021,6,157,1,30.25,1,7.2,16.6,162.519,162.458,162.489,4.940157056,4.928830318,4.934493687,0.1,6.6,1,-0.03,0.031
07-06-2021,4.934493687,162.489,0.2,36.2,27.4,2021,6,158,1,31.8,1,6.9,16.8,162.489,162.489,162.489,4.934493687,4.934493687,4.934493687,6.6,0.5,0,0,0
08-06-2021,4.928830318,162.458,0,36.6,28.6,2021,6,159,1,32.6,0,6.8,15.6,162.489,162.519,162.458,4.934493687,4.940157056,4.928830318,0.2,0.1,1.2,-0.031,-0.061
09-06-2021,4.928830318,162.458,0.1,34.9,29.2,2021,6,160,1,32.05,1,0.3,14.1,162.458,162.489,162.428,4.928830318,4.934493687,4.923166949,0,6.6,1.6,0,-0.031
10-06-2021,4.928858635,162.458,2.4,35.9,26.8,2021,6,161,1,31.35,1,2.5,9.9,162.458,162.489,162.458,4.928830318,4.934493687,4.928830318,0.1,0.2,6.6,0,-0.031
11-06-2021,4.923166949,162.428,1.1,33.6,24.1,2021,6,162,1,28.85,1,3.6,10.5,162.458,162.458,162.489,4.928858635,4.928830318,4.934493687,2.4,0,0.5,-0.03,-0.03
12-06-2021,4.917616847,162.39744,0.4,36,27.6,2021,6,163,1,31.8,1,3.9,10.8,162.428,162.458,162.519,4.923166949,4.928830318,4.940157056,1.1,0.1,0.1,-0.03056,-0.06056
13-06-2021,4.917503579,162.397,2.5,33.3,26.3,2021,6,164,1,29.8,1,4,6.7,162.39744,162.458,162.489,4.917616847,4.928858635,4.934493687,0.4,2.4,6.6,-0.00044,-0.061
14-06-2021,4.917503579,162.397,4.1,33.1,25.6,2021,6,165,1,29.35,1,7,10.6,162.397,162.428,162.489,4.917503579,4.923166949,4.934493687,2.5,1.1,0.2,0,-0.031
15-06-2021,4.917616847,162.397,0.9,33.6,27,2021,6,166,1,30.3,1,7.5,11.5,162.397,162.39744,162.458,4.917503579,4.917616847,4.928830318,4.1,0.4,0,0,-0.00044
16-06-2021,4.912123378,162.367,2.4,32.4,25.6,2021,6,167,1,29,1,7.4,13.8,162.397,162.397,162.458,4.917616847,4.917503579,4.928830318,0.9,2.5,0.1,-0.03,-0.03
17-06-2021,4.912123378,162.367,4.6,31.7,25.5,2021,6,168,1,28.6,1,7.9,16,162.367,162.397,162.458,4.912123378,4.917503579,4.928858635,2.4,4.1,2.4,0,-0.03
18-06-2021,4.912123378,162.367,0.1,32.7,27.5,2021,6,169,1,30.1,1,7.1,15,162.367,162.397,162.428,4.912123378,4.917616847,4.923166949,4.6,0.9,1.1,0,-0.03
19-06-2021,4.912123378,162.367,0.2,33.5,27.1,2021,6,170,1,30.3,1,4.9,14.8,162.367,162.367,162.39744,4.912123378,4.912123378,4.917616847,0.1,2.4,0.4,0,0
20-06-2021,4.912123378,162.367,0,35.8,27.2,2021,6,171,1,31.5,0,0.3,12.3,162.367,162.367,162.397,4.912123378,4.912123378,4.917503579,0.2,4.6,2.5,0,0
21-06-2021,4.911981794,162.367,0,36.6,27.3,2021,6,172,1,31.95,0,0.2,8.2,162.367,162.367,162.397,4.912123378,4.912123378,4.917503579,0,0.1,4.1,0,0
22-06-2021,4.923166949,162.428,0,37.2,28.7,2021,6,173,1,32.95,0,0,7.3,162.367,162.367,162.397,4.911981794,4.912123378,4.917616847,0,0.2,0.9,0.061,0.061
23-06-2021,4.923237741,162.42792,0.2,36.5,27.1,2021,6,174,1,31.8,1,0.2,5.1,162.428,162.367,162.367,4.923166949,4.912123378,4.912123378,0,0,2.4,-8.00E-05,0.06092
24-06-2021,4.934516341,162.48888,0,33.3,26.9,2021,6,175,1,30.1,0,0.2,0.5,162.42792,162.367,162.367,4.923237741,4.911981794,4.912123378,0.2,0,4.6,0.06096,0.12188
25-06-2021,4.921467938,162.42,2.4,33.1,25.6,2021,6,176,1,29.35,1,2.6,2.8,162.48888,162.428,162.367,4.934516341,4.923166949,4.912123378,0,0,0.1,-0.06888,-0.008
26-06-2021,4.962810534,162.641,5.3,33.8,26.1,2021,6,177,1,29.95,1,7.7,7.9,162.42,162.42792,162.367,4.921467938,4.923237741,4.912123378,2.4,0.2,0.2,0.221,0.21308
27-06-2021,4.962810534,162.64,15.5,31.1,25.4,2021,6,178,1,28.25,1,23.2,23.4,162.641,162.48888,162.367,4.962810534,4.934516341,4.912123378,5.3,0,0,-0.001,0.15112
28-06-2021,1.279921466,95.329,3.9,34,24.8,2021,6,179,1,29.4,1,24.7,27.3,162.64,162.42,162.367,4.962810534,4.921467938,4.911981794,15.5,2.4,0,-67.311,-67.091
29-06-2021,4.985464011,162.763,0.1,36.2,26.1,2021,6,180,1,31.15,1,19.5,27.4,95.329,162.641,162.428,1.279921466,4.962810534,4.923166949,3.9,5.3,0,67.434,0.122
30-06-2021,4.985435977,162.763,0.2,36.5,28.2,2021,6,181,1,32.35,1,4.2,27.4,162.763,162.64,162.42792,4.985464011,4.962810534,4.923237741,0.1,15.5,0.2,0,0.123
01-07-2021,4.985435977,162.763,0.2,36.4,28.1,2021,7,182,1,32.25,1,0.5,27.6,162.763,95.329,162.48888,4.985435977,1.279921466,4.934516341,0.2,3.9,0,0,67.434
02-07-2021,4.985435977,162.763,1.1,32.6,26.5,2021,7,183,1,29.55,1,1.5,26.3,162.763,162.763,162.42,4.985435977,4.985464011,4.921467938,0.2,0.1,2.4,0,0
03-07-2021,4.928830318,162.458,0,36,27,2021,7,184,1,31.5,0,1.3,21,162.763,162.763,162.641,4.985435977,4.985435977,4.962810534,1.1,0.2,5.3,-0.305,-0.305
05-07-2021,4.923166949,162.43,0.9,37.1,26.8,2021,7,186,1,31.95,1,2,6.4,162.458,162.763,162.64,4.928830318,4.985435977,4.962810534,0,0.2,15.5,-0.028,-0.333
06-07-2021,4.872762962,162.15,0.5,35.8,26.4,2021,7,187,1,31.1,1,1.4,3,162.43,162.763,95.329,4.923166949,4.985435977,1.279921466,0.9,1.1,3.9,-0.28,-0.613
07-07-2021,4.833402545,161.94,15.5,34.8,27,2021,7,188,1,30.9,1,16.9,18.4,162.15,162.458,162.763,4.872762962,4.928830318,4.985464011,0.5,0,0.1,-0.21,-0.518
08-07-2021,4.794608465,161.23,22.3,30.6,25.8,2021,7,189,1,28.2,1,38.3,40.5,161.94,162.43,162.763,4.833402545,4.923166949,4.985435977,15.5,0.9,0.2,-0.71,-1.2
09-07-2021,4.739390614,161.42,53.8,34,25.8,2021,7,190,1,29.9,1,91.6,94.1,161.23,162.15,162.763,4.794608465,4.872762962,4.985435977,22.3,0.5,0.2,0.19,-0.73
10-07-2021,4.728347044,161.361,22.3,32.8,25.5,2021,7,191,1,29.15,1,98.4,115.3,161.42,161.94,162.763,4.739390614,4.833402545,4.985435977,53.8,15.5,1.1,-0.059,-0.579
11-07-2021,4.728347044,161.36,5.2,31.6,26.1,2021,7,192,1,28.85,1,81.3,120.5,161.361,161.23,162.458,4.728347044,4.794608465,4.928830318,22.3,22.3,0,-0.001,0.13
12-07-2021,4.744770815,161.45,9.4,30.6,25.6,2021,7,193,1,28.1,1,36.9,129,161.36,161.42,162.43,4.728347044,4.739390614,4.923166949,5.2,53.8,0.9,0.09,0.03
13-07-2021,4.750434184,161.79,20.6,31.3,25.1,2021,7,194,1,28.2,1,35.2,149.1,161.45,161.361,162.15,4.744770815,4.728347044,4.872762962,9.4,22.3,0.5,0.34,0.429
14-07-2021,4.766857955,161.51,21.9,28.2,25.1,2021,7,195,1,26.65,1,51.9,155.5,161.79,161.36,161.94,4.750434184,4.728347044,4.833402545,20.6,5.2,15.5,-0.28,0.15
15-07-2021,4.777901526,161.63,26.8,30.2,24.8,2021,7,196,1,27.5,1,69.3,160,161.51,161.45,161.23,4.766857955,4.744770815,4.794608465,21.9,9.4,22.3,0.12,0.18
16-07-2021,4.783564895,161.66,5.7,30.5,24.5,2021,7,197,1,27.5,1,54.4,111.9,161.63,161.79,161.42,4.777901526,4.750434184,4.739390614,26.8,20.6,53.8,0.03,-0.13
17-07-2021,4.788378759,161.7,10.6,31.9,24.9,2021,7,198,1,28.4,1,43.1,100.2,161.66,161.51,161.361,4.783564895,4.766857955,4.728347044,5.7,21.9,22.3,0.04,0.19
18-07-2021,4.805708952,161.788,7.6,31.1,25.1,2021,7,199,1,28.1,1,23.9,102.6,161.7,161.63,161.36,4.788378759,4.777901526,4.728347044,10.6,26.8,5.2,0.088,0.158
19-07-2021,4.889469901,162.54,0.6,31.9,25.5,2021,7,200,1,28.7,1,18.8,93.8,161.788,161.66,161.45,4.805708952,4.783564895,4.744770815,7.6,5.7,9.4,0.752,0.88
20-07-2021,4.923252182,162.428,0.2,32.2,26.3,2021,7,201,1,29.25,1,8.4,73.4,162.54,161.7,161.79,4.889469901,4.788378759,4.750434184,0.6,10.6,20.6,-0.112,0.728
21-07-2021,5.031054134,163.01,27.9,27.9,25.1,2021,7,202,1,26.5,1,28.7,79.4,162.428,161.788,161.51,4.923252182,4.805708952,4.766857955,0.2,7.6,21.9,0.582,1.222
22-07-2021,5.070980888,163.22,66.5,25.9,24.5,2021,7,203,1,25.2,1,94.6,119.1,163.01,162.54,161.63,5.031054134,4.889469901,4.777901526,27.9,0.6,26.8,0.21,0.68
23-07-2021,5.122800717,163.49,1.6,30.8,24.7,2021,7,204,1,27.75,1,96,115,163.22,162.428,161.66,5.070980888,4.923252182,4.783564895,66.5,0.2,5.7,0.27,1.062
24-07-2021,5.186513622,163.8299948,0,32.1,25.7,2021,7,205,1,28.9,0,68.1,104.4,163.49,163.01,161.7,5.122800717,5.031054134,4.788378759,1.6,27.9,10.6,0.3399948,0.8199948
25-07-2021,5.244846326,164.13,0,33,26.6,2021,7,206,1,29.8,0,1.6,96.8,163.8299948,163.22,161.788,5.186513622,5.070980888,4.805708952,0,66.5,7.6,0.3000052,0.91
26-07-2021,5.268123057,164.257,0,32.8,26.7,2021,7,207,1,29.75,0,0,96.2,164.13,163.49,162.54,5.244846326,5.122800717,4.889469901,0,1.6,0.6,0.127,0.767
27-07-2021,5.321018643,164.5310347,0,32.5,26.6,2021,7,208,1,29.55,0,0,96,164.257,163.8299948,162.428,5.268123057,5.186513622,4.923252182,0,0,0.2,0.2740347,0.7010399
28-07-2021,5.541606878,165.66,0,32.4,26.4,2021,7,209,1,29.4,0,0,68.1,164.5310347,164.13,163.01,5.321018643,5.244846326,5.031054134,0,0,27.9,1.1289653,1.53
29-07-2021,6.179585432,168.8,0,31.5,26.9,2021,7,210,1,29.2,0,0,1.6,165.66,164.257,163.22,5.541606878,5.268123057,5.070980888,0,0,66.5,3.14,4.543
30-07-2021,7.11619345,173.096,0,32.5,27.3,2021,7,211,1,29.9,0,0,0,168.8,164.5310347,163.49,6.179585432,5.321018643,5.122800717,0,0,1.6,4.296,8.5649653
31-07-2021,7.948538838,176.54,0.1,29.5,27.2,2021,7,212,1,28.35,1,0.1,0.1,173.096,165.66,163.8299948,7.11619345,5.541606878,5.186513622,0,0,0,3.444,10.88
01-08-2021,8.65430764,178.979,0,32,26,2021,8,213,1,29,0,0.1,0.1,176.54,168.8,164.13,7.948538838,6.179585432,5.244846326,0.1,0,0,2.439,10.179
02-08-2021,8.636355042,178.89,0.1,33.1,26.4,2021,8,214,1,29.75,1,0.2,0.2,178.979,173.096,164.257,8.65430764,7.11619345,5.268123057,0,0,0,-0.089,5.794
03-08-2021,8.701285288,179.344,0,33.4,26.4,2021,8,215,1,29.9,0,0.1,0.2,178.89,176.54,164.5310347,8.636355042,7.948538838,5.321018643,0.1,0.1,0,0.454,2.804
04-08-2021,8.810786817,179.74,0,34,26.8,2021,8,216,1,30.4,0,0.1,0.2,179.344,178.979,165.66,8.701285288,8.65430764,5.541606878,0,0,0,0.396,0.761
05-08-2021,8.734897668,179.47,0.2,33.7,26.9,2021,8,217,1,30.3,1,0.2,0.4,179.74,178.89,168.8,8.810786817,8.636355042,6.179585432,0,0.1,0,-0.27,0.58
06-08-2021,8.810786817,179.74,0.2,34,27.1,2021,8,218,1,30.55,1,0.4,0.6,179.47,179.344,173.096,8.734897668,8.701285288,7.11619345,0.2,0,0,0.27,0.396
07-08-2021,8.827776925,179.8,0.3,34.7,27.4,2021,8,219,1,31.05,1,0.7,0.8,179.74,179.74,176.54,8.810786817,8.810786817,7.948538838,0.2,0,0.1,0.06,0.06
08-08-2021,8.827776925,179.802,0.7,34.1,27.5,2021,8,220,1,30.8,1,1.2,1.5,179.8,179.47,178.979,8.827776925,8.734897668,8.65430764,0.3,0.2,0,0.002,0.332
09-08-2021,8.793824743,179.68,0.3,35.3,27.8,2021,8,221,1,31.55,1,1.3,1.7,179.802,179.74,178.89,8.827776925,8.810786817,8.636355042,0.7,0.2,0.1,-0.122,-0.06
10-08-2021,8.810758217,179.741,0.2,36.2,27.6,2021,8,222,1,31.9,1,1.2,1.9,179.68,179.8,179.344,8.793824743,8.827776925,8.701285288,0.3,0.3,0,0.061,-0.059
11-08-2021,8.793824743,179.68,0.1,35.9,28.9,2021,8,223,1,32.4,1,0.6,2,179.741,179.802,179.74,8.810758217,8.827776925,8.810786817,0.2,0.7,0,-0.061,-0.122
12-08-2021,8.785301655,179.65,6.9,33.4,26.6,2021,8,224,1,30,1,7.2,8.7,179.68,179.68,179.47,8.793824743,8.793824743,8.734897668,0.1,0.3,0.2,-0.03,-0.03
13-08-2021,8.819281871,179.77,0.9,32.5,25.8,2021,8,225,1,29.15,1,7.9,9.4,179.65,179.741,179.74,8.785301655,8.810758217,8.810786817,6.9,0.2,0.2,0.12,0.029
14-08-2021,8.802292046,179.71,1,33.2,26,2021,8,226,1,29.6,1,8.8,10.1,179.77,179.68,179.8,8.819281871,8.793824743,8.827776925,0.9,0.1,0.3,-0.06,0.03
15-08-2021,8.802291763,179.71,4.7,33.8,26.4,2021,8,227,1,30.1,1,6.6,14.1,179.71,179.65,179.802,8.802292046,8.785301655,8.827776925,1,6.9,0.7,0,0.06
16-08-2021,8.819196637,179.771,16.4,28.3,25,2021,8,228,1,26.65,1,22.1,30.2,179.71,179.77,179.68,8.802291763,8.819281871,8.793824743,4.7,0.9,0.3,0.061,0.001
17-08-2021,8.810758217,179.741,12.4,28,25,2021,8,229,1,26.5,1,33.5,42.4,179.771,179.71,179.741,8.819196637,8.802292046,8.810758217,16.4,1,0.2,-0.03,0.031
18-08-2021,8.836271979,179.83,0.8,31.5,25.4,2021,8,230,1,28.45,1,29.6,43.1,179.741,179.71,179.68,8.810758217,8.802291763,8.793824743,12.4,4.7,0.1,0.089,0.12
19-08-2021,8.751604608,179.53,0.3,32.9,26.2,2021,8,231,1,29.55,1,13.5,36.5,179.83,179.771,179.65,8.836271979,8.819196637,8.785301655,0.8,16.4,6.9,-0.3,-0.241
20-08-2021,8.734784401,179.466,0.5,31.9,26.1,2021,8,232,1,29,1,1.6,36.1,179.53,179.741,179.77,8.751604608,8.810758217,8.819281871,0.3,12.4,0.9,-0.064,-0.275
21-08-2021,8.709695675,179.375,5.3,30.2,25.4,2021,8,233,1,27.8,1,6.1,40.4,179.466,179.83,179.71,8.734784401,8.836271979,8.802292046,0.5,0.8,1,-0.091,-0.455
22-08-2021,8.684493681,179.83,1,32.2,24.6,2021,8,234,1,28.4,1,6.8,36.7,179.375,179.53,179.71,8.709695675,8.751604608,8.802291763,5.3,0.3,4.7,0.455,0.3
23-08-2021,8.667786742,179.83,0.1,33.2,24.9,2021,8,235,1,29.05,1,6.4,20.4,179.83,179.466,179.771,8.684493681,8.734784401,8.819196637,1,0.5,16.4,0,0.364
24-08-2021,8.663595849,179.131,0.2,33.5,25.5,2021,8,236,1,29.5,1,1.3,8.2,179.83,179.375,179.741,8.667786742,8.709695675,8.810758217,0.1,5.3,12.4,-0.699,-0.244
25-08-2021,8.656006651,179.009,4.3,34,25.9,2021,8,237,1,29.95,1,4.6,11.7,179.131,179.83,179.83,8.663595849,8.684493681,8.836271979,0.2,1,0.8,-0.122,-0.821
26-08-2021,8.652637229,178.948,3.5,33.5,25.8,2021,8,238,1,29.65,1,8,14.9,179.009,179.83,179.53,8.656006651,8.667786742,8.751604608,4.3,0.1,0.3,-0.061,-0.882
27-08-2021,8.592180761,179.83,4.8,32.8,26.1,2021,8,239,1,29.45,1,12.6,19.2,178.948,179.131,179.466,8.652637229,8.663595849,8.734784401,3.5,0.2,0.5,0.882,0.699
28-08-2021,8.548289649,179.83,10,31,25.3,2021,8,240,1,28.15,1,18.3,23.9,179.83,179.009,179.375,8.592180761,8.656006651,8.709695675,4.8,4.3,5.3,0,0.821
29-08-2021,8.548289649,178.7,6.2,29.7,25.1,2021,8,241,1,27.4,1,21,29.1,179.83,178.948,179.83,8.548289649,8.652637229,8.684493681,10,3.5,1,-1.13,-0.248
30-08-2021,8.562731241,178.73,5.3,30.1,25.1,2021,8,242,1,27.6,1,21.5,34.3,178.7,179.83,179.83,8.548289649,8.592180761,8.667786742,6.2,4.8,0.1,0.03,-1.1
31-08-2021,8.652495645,178.95,5,30.7,24.8,2021,8,243,1,27.75,1,16.5,39.1,178.73,179.83,179.131,8.562731241,8.548289649,8.663595849,5.3,10,0.2,0.22,-0.88
01-09-2021,8.654194655,178.98,6,29.5,24.6,2021,9,244,1,27.05,1,16.3,40.8,178.95,178.7,179.009,8.652495645,8.548289649,8.656006651,5,6.2,4.3,0.03,0.28
02-09-2021,8.660990699,179.83,7,31.3,24.7,2021,9,245,1,28,1,18,44.3,178.98,178.73,178.948,8.654194655,8.562731241,8.652637229,6,5.3,3.5,0.85,1.1
03-09-2021,8.666087731,179.83,14.2,30.6,24.6,2021,9,246,1,27.6,1,27.2,53.7,179.83,178.95,179.83,8.660990699,8.652495645,8.592180761,7,5,4.8,0,0.88
04-09-2021,8.666087731,179.83,27.3,31.2,24.9,2021,9,247,1,28.05,1,48.5,71,179.83,178.98,179.83,8.666087731,8.654194655,8.548289649,14.2,6,10,0,0.85
05-09-2021,8.662746343,179.131,4.4,31.3,25,2021,9,248,1,28.15,1,45.9,69.2,179.83,179.83,178.7,8.666087731,8.660990699,8.548289649,27.3,7,6.2,-0.699,-0.699
06-09-2021,8.660990699,179.1,11.5,27.6,25,2021,9,249,1,26.3,1,43.2,75.4,179.131,179.83,178.73,8.662746343,8.666087731,8.562731241,4.4,14.2,5.3,-0.031,-0.73
07-09-2021,8.659291688,179.07,3.8,29.4,24.5,2021,9,250,1,26.95,1,19.7,74.2,179.1,179.83,178.95,8.660990699,8.666087731,8.652495645,11.5,27.3,5,-0.03,-0.76
08-09-2021,8.657875846,179.04,0.4,32.2,25.7,2021,9,251,1,28.95,1,15.7,68.6,179.07,179.131,178.98,8.659291688,8.662746343,8.654194655,3.8,4.4,6,-0.03,-0.091
09-09-2021,8.644000591,178.98,0,32.2,26,2021,9,252,1,29.1,0,4.2,61.6,179.04,179.1,179.83,8.657875846,8.660990699,8.660990699,0.4,11.5,7,-0.06,-0.12
10-09-2021,8.644000591,178.98,0,32.2,26.4,2021,9,253,1,29.3,0,0.4,47.4,178.98,179.07,179.83,8.644000591,8.659291688,8.666087731,0,3.8,14.2,0,-0.09
11-09-2021,8.650938218,178.918,0,31.9,26.8,2021,9,254,1,29.35,0,0,20.1,178.98,179.04,179.83,8.644000591,8.657875846,8.666087731,0,0.4,27.3,-0.062,-0.122
12-09-2021,8.636355042,178.89,0.3,32.6,26.5,2021,9,255,1,29.55,1,0.3,16,178.918,178.98,179.131,8.650938218,8.644000591,8.662746343,0,0,4.4,-0.028,-0.09
13-09-2021,8.606905522,178.83,0.7,31.9,26.6,2021,9,256,1,29.25,1,1,5.2,178.89,178.98,179.1,8.636355042,8.644000591,8.660990699,0.3,0,11.5,-0.06,-0.15
14-09-2021,8.606905522,178.83,0.1,32.6,26.5,2021,9,257,1,29.55,1,1.1,1.5,178.83,178.918,179.07,8.606905522,8.650938218,8.659291688,0.7,0,3.8,0,-0.088
15-09-2021,8.655893666,179.01,0,33.1,26.6,2021,9,258,1,29.85,0,0.8,1.1,178.83,178.89,179.04,8.606905522,8.636355042,8.657875846,0.1,0.3,0.4,0.18,0.12
16-09-2021,8.793824743,179.68,0.1,33.2,26.4,2021,9,259,1,29.8,1,0.2,1.2,179.01,178.83,178.98,8.655893666,8.606905522,8.644000591,0,0.7,0,0.67,0.85
17-09-2021,8.785358572,179.649,0,33.1,25.4,2021,9,260,1,29.25,0,0.1,1.2,179.68,178.83,178.98,8.793824743,8.606905522,8.644000591,0.1,0.1,0,-0.031,0.819
18-09-2021,8.785301655,179.65,0.1,32.9,25.8,2021,9,261,1,29.35,1,0.2,1.3,179.649,179.01,178.918,8.785358572,8.655893666,8.650938218,0,0,0,0.001,0.64
19-09-2021,8.836271979,179.83,0,33.6,25.7,2021,9,262,1,29.65,0,0.1,1,179.65,179.68,178.89,8.785301655,8.793824743,8.636355042,0.1,0.1,0.3,0.18,0.15
20-09-2021,8.827663658,179.802,6.3,32.8,25.4,2021,9,263,1,29.1,1,6.4,6.6,179.83,179.649,178.83,8.836271979,8.785358572,8.606905522,0,0,0.7,-0.028,0.153
21-09-2021,8.819281871,179.77,21,29.5,24.9,2021,9,264,1,27.2,1,27.3,27.5,179.802,179.65,178.83,8.827663658,8.785301655,8.606905522,6.3,0.1,0.1,-0.032,0.12
22-09-2021,8.836271979,179.83,3.7,30.6,25.3,2021,9,265,1,27.95,1,31,31.2,179.77,179.83,179.01,8.819281871,8.836271979,8.655893666,21,0,0,0.06,0
23-09-2021,8.836130678,179.832,5.4,31,25.5,2021,9,266,1,28.25,1,30.1,36.5,179.83,179.802,179.68,8.836271979,8.827663658,8.793824743,3.7,6.3,0.1,0.002,0.03
24-09-2021,8.810786817,179.74,3.4,31.6,25.5,2021,9,267,1,28.55,1,12.5,39.9,179.832,179.77,179.649,8.836130678,8.819281871,8.785358572,5.4,21,0,-0.092,-0.03
25-09-2021,8.793796709,179.68,12.5,31.3,25.1,2021,9,268,1,28.2,1,21.3,52.3,179.74,179.83,179.65,8.810786817,8.836271979,8.785301655,3.4,3.7,0.1,-0.06,-0.15
26-09-2021,8.810786817,179.74,0.3,31.2,25.7,2021,9,269,1,28.45,1,16.2,52.6,179.68,179.832,179.83,8.793796709,8.836130678,8.836271979,12.5,5.4,0,0.06,-0.092
27-09-2021,8.785301655,179.65,10.5,27,25.7,2021,9,270,1,26.35,1,23.3,56.8,179.74,179.74,179.802,8.810786817,8.810786817,8.827663658,0.3,3.4,6.3,-0.09,-0.09
28-09-2021,8.810758217,179.741,0,31.2,25.2,2021,9,271,1,28.2,0,10.8,35.8,179.65,179.68,179.77,8.785301655,8.793796709,8.819281871,10.5,12.5,21,0.091,0.061
29-09-2021,8.827776925,179.8,0,32.1,24.9,2021,9,272,1,28.5,0,10.5,32.1,179.741,179.74,179.83,8.810758217,8.810786817,8.836271979,0,0.3,3.7,0.059,0.06
30-09-2021,8.836130678,179.832,4.7,31.3,25.5,2021,9,273,1,28.4,1,4.7,31.4,179.8,179.65,179.832,8.827776925,8.785301655,8.836130678,0,10.5,5.4,0.032,0.182
01-10-2021,8.793796709,179.68,9.1,31.7,24.5,2021,10,274,0,28.1,1,13.8,37.1,179.832,179.741,179.74,8.836130678,8.810758217,8.810786817,4.7,0,3.4,-0.152,-0.061
02-10-2021,8.793796709,179.68,2.1,31.1,25,2021,10,275,0,28.05,1,15.9,26.7,179.68,179.8,179.68,8.793796709,8.827776925,8.793796709,9.1,0,12.5,0,-0.12
03-10-2021,8.819281871,179.77,0.6,31.8,25.1,2021,10,276,0,28.45,1,11.8,27,179.68,179.832,179.74,8.793796709,8.836130678,8.810786817,2.1,4.7,0.3,0.09,-0.062
04-10-2021,8.836271979,179.83,4.8,33.1,25.1,2021,10,277,0,29.1,1,7.5,21.3,179.77,179.68,179.65,8.819281871,8.793796709,8.785301655,0.6,9.1,10.5,0.06,0.15
05-10-2021,8.810786817,179.74,0.7,32.1,24.6,2021,10,278,0,28.35,1,6.1,22,179.83,179.68,179.741,8.836271979,8.793796709,8.810758217,4.8,2.1,0,-0.09,0.06
06-10-2021,8.819281871,179.771,5,30.1,24.7,2021,10,279,0,27.4,1,10.5,27,179.74,179.77,179.8,8.810786817,8.819281871,8.827776925,0.7,0.6,0,0.031,0.001
07-10-2021,8.827776925,179.8,3.4,31.4,24.7,2021,10,280,0,28.05,1,9.1,25.7,179.771,179.83,179.832,8.819281871,8.836271979,8.836130678,5,4.8,4.7,0.029,-0.03
08-10-2021,8.793796709,179.68,13.3,32,25.4,2021,10,281,0,28.7,1,21.7,29.9,179.8,179.74,179.68,8.827776925,8.810786817,8.793796709,3.4,0.7,9.1,-0.12,-0.06
09-10-2021,8.793796709,179.68,4.4,32.3,25.2,2021,10,282,0,28.75,1,21.1,32.2,179.68,179.771,179.68,8.793796709,8.819281871,8.793796709,13.3,5,2.1,0,-0.091
10-10-2021,8.810758217,179.741,5.1,32.5,26.1,2021,10,283,0,29.3,1,22.8,36.7,179.68,179.8,179.77,8.793796709,8.827776925,8.819281871,4.4,3.4,0.6,0.061,-0.059
11-10-2021,8.827663658,179.802,0,33.1,24.9,2021,10,284,0,29,0,9.5,31.9,179.741,179.68,179.83,8.810758217,8.793796709,8.836271979,5.1,13.3,4.8,0.061,0.122
12-10-2021,8.802291763,179.71,0,33.3,23.7,2021,10,285,0,28.5,0,5.1,31.2,179.802,179.68,179.74,8.827663658,8.793796709,8.810786817,0,4.4,0.7,-0.092,0.03
13-10-2021,8.802291763,179.71,0.4,33.9,24.7,2021,10,286,0,29.3,1,0.4,26.6,179.71,179.741,179.771,8.802291763,8.810758217,8.819281871,0,5.1,5,0,-0.031
14-10-2021,8.810786817,179.74,0.2,34.9,26.2,2021,10,287,0,30.55,1,0.6,23.4,179.71,179.802,179.8,8.802291763,8.827663658,8.827776925,0.4,0,3.4,0.03,-0.062
15-10-2021,8.836271979,179.832,0,34.9,25.8,2021,10,288,0,30.35,0,0.6,10.1,179.74,179.71,179.68,8.810786817,8.802291763,8.793796709,0.2,0,13.3,0.092,0.122
16-10-2021,8.819196637,179.771,4.5,30.1,24.8,2021,10,289,0,27.45,1,4.7,10.2,179.832,179.71,179.68,8.836271979,8.802291763,8.793796709,0,0.4,4.4,-0.061,0.061
17-10-2021,8.827663658,179.802,0,33.6,24.1,2021,10,290,0,28.85,0,4.5,5.1,179.771,179.74,179.741,8.819196637,8.810786817,8.810758217,4.5,0.2,5.1,0.031,0.062
18-10-2021,8.827776925,179.8,0,34.6,25.9,2021,10,291,0,30.25,0,4.5,5.1,179.802,179.832,179.802,8.827663658,8.836271979,8.827663658,0,0,0,-0.002,-0.032
19-10-2021,8.810786817,179.74,0.3,34.1,25.5,2021,10,292,0,29.8,1,0.3,5.4,179.8,179.771,179.71,8.827776925,8.819196637,8.802291763,0,4.5,0,-0.06,-0.031
20-10-2021,8.802291763,179.71,0,34.5,25.4,2021,10,293,0,29.95,0,0.3,5,179.74,179.802,179.71,8.810786817,8.827663658,8.802291763,0.3,0,0.4,-0.03,-0.092
21-10-2021,8.802291763,179.7100742,0,34.9,25.5,2021,10,294,0,30.2,0,0.3,4.8,179.71,179.8,179.74,8.802291763,8.827776925,8.810786817,0,0,0.2,7.42E-05,-0.0899258
22-10-2021,8.802291763,179.7100742,0,34.7,25.1,2021,10,295,0,29.9,0,0,4.8,179.7100742,179.74,179.832,8.802291763,8.810786817,8.836271979,0,0.3,0,0,-0.0299258
23-10-2021,8.802291763,179.7100742,0,34.8,24.3,2021,10,296,0,29.55,0,0,0.3,179.7100742,179.71,179.771,8.802291763,8.802291763,8.819196637,0,0,4.5,0,7.42E-05
24-10-2021,8.802291763,179.7100742,0.3,32.6,25.4,2021,10,297,0,29,1,0.3,0.6,179.7100742,179.7100742,179.802,8.802291763,8.802291763,8.827663658,0,0,0,0,0
25-10-2021,8.836271979,179.83,0,34,24.9,2021,10,298,0,29.45,0,0.3,0.6,179.7100742,179.7100742,179.8,8.802291763,8.802291763,8.827776925,0.3,0,0,0.1199258,0.1199258
26-10-2021,8.827776925,179.8,0,34,23.6,2021,10,299,0,28.8,0,0.3,0.3,179.83,179.7100742,179.74,8.836271979,8.802291763,8.810786817,0,0,0.3,-0.03,0.0899258
27-10-2021,8.836271979,179.83,0,33.7,22.2,2021,10,300,0,27.95,0,0,0.3,179.8,179.7100742,179.71,8.827776925,8.802291763,8.802291763,0,0.3,0,0.03,0.1199258
28-10-2021,8.836130678,179.832,0,33.9,23.2,2021,10,301,0,28.55,0,0,0.3,179.83,179.83,179.7100742,8.836271979,8.836271979,8.802291763,0,0,0,0.002,0.002
29-10-2021,8.827776925,179.8,1.8,32.8,24.3,2021,10,302,0,28.55,1,1.8,2.1,179.832,179.8,179.7100742,8.836130678,8.827776925,8.802291763,0,0,0,-0.032,0
30-10-2021,8.836271979,179.83,9.2,32.4,23.6,2021,10,303,0,28,1,11,11.3,179.8,179.83,179.7100742,8.827776925,8.836271979,8.802291763,1.8,0,0,0.03,0
31-10-2021,8.836271979,179.83,3.1,31.5,23.5,2021,10,304,0,27.5,1,14.1,14.1,179.83,179.832,179.7100742,8.836271979,8.836130678,8.802291763,9.2,0,0.3,0,-0.002
01-11-2021,8.836130678,179.832,17.3,30.4,23,2021,11,305,0,26.7,1,29.6,31.4,179.83,179.8,179.83,8.836271979,8.827776925,8.836271979,3.1,1.8,0,0.002,0.032
02-11-2021,8.819281871,179.771,11.1,28.4,23,2021,11,306,0,25.7,1,31.5,42.5,179.832,179.83,179.8,8.836130678,8.836271979,8.827776925,17.3,9.2,0,-0.061,-0.059
03-11-2021,8.810786817,179.74,14,27.2,23.3,2021,11,307,0,25.25,1,42.4,56.5,179.771,179.83,179.83,8.819281871,8.836271979,8.836271979,11.1,3.1,0,-0.031,-0.09
04-11-2021,8.810786817,179.741,3.6,28.9,22,2021,11,308,0,25.45,1,28.7,60.1,179.74,179.832,179.832,8.810786817,8.836130678,8.836130678,14,17.3,0,0.001,-0.091
05-11-2021,8.802291763,179.71,0.2,29.9,22.2,2021,11,309,0,26.05,1,17.8,58.5,179.741,179.771,179.8,8.810786817,8.819281871,8.827776925,3.6,11.1,1.8,-0.031,-0.061
06-11-2021,8.819196637,179.771,0.2,29.8,21.9,2021,11,310,0,25.85,1,4,49.5,179.71,179.74,179.83,8.802291763,8.810786817,8.836271979,0.2,14,9.2,0.061,0.031
07-11-2021,8.836130678,179.832,0.1,29.7,21.7,2021,11,311,0,25.7,1,0.5,46.5,179.771,179.741,179.83,8.819196637,8.810786817,8.836271979,0.2,3.6,3.1,0.061,0.091
08-11-2021,8.827663658,179.802,0,29.4,21.2,2021,11,312,0,25.3,0,0.3,29.2,179.832,179.71,179.832,8.836130678,8.802291763,8.836130678,0.1,0.2,17.3,-0.03,0.092
09-11-2021,8.827663658,179.802,0,29.4,19.8,2021,11,313,0,24.6,0,0.1,18.1,179.802,179.771,179.771,8.827663658,8.819196637,8.819281871,0,0.2,11.1,0,0.031
10-11-2021,8.810786817,179.74,0,30.6,21,2021,11,314,0,25.8,0,0,4.1,179.802,179.832,179.74,8.827663658,8.836130678,8.810786817,0,0.1,14,-0.062,-0.092
11-11-2021,8.776806601,179.62,21.1,24.9,22,2021,11,315,0,23.45,1,21.1,21.6,179.74,179.802,179.741,8.810786817,8.827663658,8.810786817,0,0,3.6,-0.12,-0.182
12-11-2021,8.743109554,179.5,17.2,27.1,22,2021,11,316,0,24.55,1,38.3,38.6,179.62,179.802,179.71,8.776806601,8.827663658,8.802291763,21.1,0,0.2,-0.12,-0.302
13-11-2021,8.726402897,179.436,10.2,28.5,23.2,2021,11,317,0,25.85,1,48.5,48.6,179.5,179.74,179.771,8.743109554,8.810786817,8.819196637,17.2,0,0.2,-0.064,-0.304
14-11-2021,8.692988735,179.31,5.3,29,23.1,2021,11,318,0,26.05,1,32.7,53.8,179.436,179.62,179.832,8.726402897,8.776806601,8.836130678,10.2,21.1,0.1,-0.126,-0.31
15-11-2021,8.676281796,179.25,3.9,29.2,23.4,2021,11,319,0,26.3,1,19.4,57.7,179.31,179.5,179.802,8.692988735,8.743109554,8.827663658,5.3,17.2,0,-0.06,-0.25
16-11-2021,8.667786742,179.222,8.1,28.9,23.1,2021,11,320,0,26,1,17.3,65.8,179.25,179.436,179.802,8.676281796,8.726402897,8.827663658,3.9,10.2,0,-0.028,-0.214
17-11-2021,8.676196845,179.253,2.9,29.2,22.4,2021,11,321,0,25.8,1,14.9,68.7,179.222,179.31,179.74,8.667786742,8.692988735,8.810786817,8.1,5.3,0,0.031,-0.057
18-11-2021,8.701285288,179.344,4.4,27.6,23.4,2021,11,322,0,25.5,1,15.4,52,179.253,179.25,179.62,8.676196845,8.676281796,8.776806601,2.9,3.9,21.1,0.091,0.094
19-11-2021,8.701285288,179.344,12.9,25.1,22.5,2021,11,323,0,23.8,1,20.2,47.7,179.344,179.222,179.5,8.701285288,8.667786742,8.743109554,4.4,8.1,17.2,0,0.122
20-11-2021,8.701285288,179.344,7.6,28.2,22.9,2021,11,324,0,25.55,1,24.9,45.1,179.344,179.253,179.436,8.701285288,8.676196845,8.726402897,12.9,2.9,10.2,0,0.091
21-11-2021,8.709667641,179.375,10.9,27.9,23.2,2021,11,325,0,25.55,1,31.4,50.7,179.344,179.344,179.31,8.701285288,8.701285288,8.692988735,7.6,4.4,5.3,0.031,0.031
22-11-2021,8.709695675,179.375,2.4,29.8,23.6,2021,11,326,0,26.7,1,20.9,49.2,179.375,179.344,179.25,8.709667641,8.701285288,8.676281796,10.9,12.9,3.9,0,0.031
23-11-2021,8.709695675,179.375,0.5,30.3,23.4,2021,11,327,0,26.85,1,13.8,41.6,179.375,179.344,179.222,8.709695675,8.701285288,8.667786742,2.4,7.6,8.1,0,0.031
24-11-2021,8.726402897,179.436,0.9,30,23.2,2021,11,328,0,26.6,1,3.8,39.6,179.375,179.375,179.253,8.709695675,8.709667641,8.676196845,0.5,10.9,2.9,0.061,0.061
25-11-2021,8.726402614,179.44,0.2,29.9,22.6,2021,11,329,0,26.25,1,1.6,35.4,179.436,179.375,179.344,8.726402897,8.709695675,8.701285288,0.9,2.4,4.4,0.004,0.065
26-11-2021,8.734784401,179.466,0.2,29.6,22.6,2021,11,330,0,26.1,1,1.3,22.7,179.44,179.375,179.344,8.726402614,8.709695675,8.701285288,0.2,0.5,12.9,0.026,0.091
27-11-2021,8.751604608,179.53,0,29.3,20.6,2021,11,331,0,24.95,0,0.4,15.1,179.466,179.436,179.344,8.734784401,8.726402897,8.701285288,0.2,0.9,7.6,0.064,0.094
28-11-2021,8.71790756,179.41,9,27.5,22.8,2021,11,332,0,25.15,1,9.2,13.2,179.53,179.44,179.375,8.751604608,8.726402614,8.709667641,0,0.2,10.9,-0.12,-0.03
29-11-2021,8.726402614,179.44,19.4,25.2,21.8,2021,11,333,0,23.5,1,28.4,30.2,179.41,179.466,179.375,8.71790756,8.734784401,8.709695675,9,0.2,2.4,0.03,-0.026
30-11-2021,8.701285288,179.344,0.1,28.9,21.4,2021,11,334,0,25.15,1,28.5,29.8,179.44,179.53,179.375,8.726402614,8.751604608,8.709695675,19.4,0,0.5,-0.096,-0.186
01-12-2021,8.701200621,179.34,0,28.3,20.7,2021,12,335,0,24.5,0,19.5,28.9,179.344,179.41,179.436,8.701285288,8.71790756,8.726402897,0.1,9,0.9,-0.004,-0.07
02-12-2021,8.71790756,179.4083223,0,27.8,19.8,2021,12,336,0,23.8,0,0.1,28.7,179.34,179.44,179.44,8.701200621,8.726402614,8.726402614,0,19.4,0.2,0.0683223,-0.0316777
03-12-2021,8.71790756,179.4052743,0,28.1,20.2,2021,12,337,0,24.15,0,0,28.5,179.4083223,179.344,179.466,8.71790756,8.701285288,8.734784401,0,0.1,0.2,-0.003048,0.0612743
04-12-2021,8.701200621,179.34,0,30.2,20.9,2021,12,338,0,25.55,0,0,28.5,179.4052743,179.34,179.53,8.71790756,8.701200621,8.751604608,0,0,0,-0.0652743,0
05-12-2021,8.666087731,179.19,0,30.3,22,2021,12,339,0,26.15,0,0,19.5,179.34,179.4083223,179.41,8.701200621,8.71790756,8.71790756,0,0,9,-0.15,-0.2183223
06-12-2021,8.664445071,179.161,0,30.3,21.8,2021,12,340,0,26.05,0,0,0.1,179.19,179.4052743,179.44,8.666087731,8.71790756,8.726402614,0,0,19.4,-0.029,-0.2442743
07-12-2021,8.654194655,179.98,0.1,29.9,21.2,2021,12,341,0,25.55,1,0.1,0.1,179.161,179.34,179.344,8.664445071,8.701200621,8.701285288,0,0,0.1,0.819,0.64
08-12-2021,8.636355042,178.89,1.6,29.3,21.3,2021,12,342,0,25.3,1,1.7,1.7,179.98,179.19,179.34,8.654194655,8.666087731,8.701200621,0.1,0,0,-1.09,-0.3
09-12-2021,8.621630282,178.86,0.4,28.6,21.9,2021,12,343,0,25.25,1,2.1,2.1,178.89,179.161,179.4083223,8.636355042,8.664445071,8.71790756,1.6,0,0,-0.03,-0.301
10-12-2021,8.621630282,178.86,0.8,29.7,22.4,2021,12,344,0,26.05,1,2.8,2.9,178.86,179.98,179.4052743,8.621630282,8.654194655,8.71790756,0.4,0.1,0,0,-1.12
11-12-2021,8.577456001,178.7651943,0,30.3,21.2,2021,12,345,0,25.75,0,1.2,2.9,178.86,178.89,179.34,8.621630282,8.636355042,8.701200621,0.8,1.6,0,-0.0948057,-0.1248057
12-12-2021,8.577540669,178.765,1.3,30.1,21,2021,12,346,0,25.55,1,2.1,4.2,178.7651943,178.86,179.19,8.577456001,8.621630282,8.666087731,0,0.4,0,-0.0001943,-0.095
13-12-2021,8.504115369,178.61,1,29.6,21.4,2021,12,347,0,25.5,1,2.3,5.2,178.765,178.86,179.161,8.577540669,8.621630282,8.664445071,1.3,0.8,0,-0.155,-0.25
14-12-2021,8.518840129,178.64,0,29.4,20.8,2021,12,348,0,25.1,0,2.3,5.1,178.61,178.7651943,179.98,8.504115369,8.577456001,8.654194655,1,0,0.1,0.03,-0.1251943
15-12-2021,8.533564889,178.674,0,28.6,20.5,2021,12,349,0,24.55,0,1,3.5,178.64,178.765,178.89,8.518840129,8.577540669,8.636355042,0,1.3,1.6,0.034,-0.091
16-12-2021,8.471550995,178.49,0,28.5,17.3,2021,12,350,0,22.9,0,0,3.1,178.674,178.61,178.86,8.533564889,8.504115369,8.621630282,0,1,0.4,-0.184,-0.12
17-12-2021,8.446915338,178.4,0,28.6,17.9,2021,12,351,0,23.25,0,0,2.3,178.49,178.64,178.86,8.471550995,8.518840129,8.621630282,0,0,0.8,-0.09,-0.24
18-12-2021,8.446915338,178.4,0,28.4,16.7,2021,12,352,0,22.55,0,0,2.3,178.4,178.674,178.7651943,8.446915338,8.533564889,8.577456001,0,0,0,0,-0.274
19-12-2021,8.406139079,178.5521391,0,27.5,16.7,2021,12,353,0,22.1,0,0,1,178.4,178.49,178.765,8.446915338,8.471550995,8.577540669,0,0,1.3,0.1521391,0.0621391
23-12-2021,8.259174646,177.7,0,29.6,17.4,2021,12,357,0,23.5,0,0,0,178.5521391,178.4,178.61,8.406139079,8.446915338,8.504115369,0,0,1,-0.8521391,-0.7
24-12-2021,8.226327103,177.58,0,31,17.4,2021,12,358,0,24.2,0,0,0,177.7,178.4,178.64,8.259174646,8.446915338,8.518840129,0,0,0,-0.12,-0.82
25-12-2021,8.201974615,177.49,0,31.3,19.4,2021,12,359,0,25.35,0,0,0,177.58,178.5521391,178.674,8.226327103,8.406139079,8.533564889,0,0,0,-0.09,-1.0621391
26-12-2021,8.19376273,177.45,0,31.6,19.8,2021,12,360,0,25.7,0,0,0,177.49,177.7,178.49,8.201974615,8.259174646,8.471550995,0,0,0,-0.04,-0.25
27-12-2021,8.152929837,177.302,0,30.5,20.2,2021,12,361,0,25.35,0,0,0,177.45,177.58,178.4,8.19376273,8.226327103,8.446915338,0,0,0,-0.148,-0.278
28-12-2021,8.103998326,177.12,0,30.2,19.4,2021,12,362,0,24.8,0,0,0,177.302,177.49,178.4,8.152929837,8.201974615,8.446915338,0,0,0,-0.182,-0.37
29-12-2021,8.095786441,177.0900135,0,30.5,19,2021,12,363,0,24.75,0,0,0,177.12,177.45,178.5521391,8.103998326,8.19376273,8.406139079,0,0,0,-0.0299865,-0.3599865
30-12-2021,8.055010182,176.94,0.2,29.8,20,2021,12,364,0,24.9,1,0.2,0.2,177.0900135,177.302,177.7,8.095786441,8.152929837,8.259174646,0,0,0,-0.1500135,-0.362
31-12-2021,8.038586411,176.88,0.1,30,19.8,2021,12,365,0,24.9,1,0.3,0.3,176.94,177.12,177.58,8.055010182,8.103998326,8.226327103,0.2,0,0,-0.06,-0.24
01-01-2022,8.02216264,176.814,0,29.8,20.1,2022,1,1,0,24.95,0,0.3,0.3,176.88,177.0900135,177.49,8.038586411,8.095786441,8.201974615,0.1,0,0,-0.066,-0.2760135
02-01-2022,8.02216264,176.8114263,0,29.3,19.6,2022,1,2,0,24.45,0,0.1,0.3,176.814,176.94,177.45,8.02216264,8.055010182,8.19376273,0,0.2,0,-0.0025737,-0.1285737
03-01-2022,7.94825567,176.54,0,29,19.3,2022,1,3,0,24.15,0,0,0.3,176.8114263,176.88,177.302,8.02216264,8.038586411,8.152929837,0,0.1,0,-0.2714263,-0.34
04-01-2022,7.940326953,176.51,0.2,29.3,19,2022,1,4,0,24.15,1,0.2,0.5,176.54,176.814,177.12,7.94825567,8.02216264,8.103998326,0,0,0,-0.03,-0.304
05-01-2022,7.896011088,176.418,0,29.1,19,2022,1,5,0,24.05,0,0.2,0.5,176.51,176.8114263,177.0900135,7.940326953,8.02216264,8.095786441,0.2,0,0,-0.092,-0.3934263
06-01-2022,7.879389099,176.388,0,29.4,18.7,2022,1,6,0,24.05,0,0.2,0.3,176.418,176.54,176.94,7.896011088,7.94825567,8.055010182,0,0,0.2,-0.03,-0.152
07-01-2022,7.883410091,176.296,0,29.9,18.4,2022,1,7,0,24.15,0,0,0.2,176.388,176.51,176.88,7.879389099,7.940326953,8.038586411,0,0.2,0.1,-0.092,-0.214
08-01-2022,7.883410091,176.2960096,0,29.2,19.8,2022,1,8,0,24.5,0,0,0.2,176.296,176.418,176.814,7.883410091,7.896011088,8.02216264,0,0,0,9.60E-06,-0.1219904
09-01-2022,7.817998176,176.05248,0.1,30,19.9,2022,1,9,0,24.95,1,0.1,0.3,176.2960096,176.388,176.8114263,7.883410091,7.879389099,8.02216264,0,0,0,-0.2435296,-0.33552
11-01-2022,7.817998176,176.0524744,26.8,30,19.3,2022,1,11,0,24.65,1,26.9,27.1,176.05248,176.296,176.54,7.817998176,7.883410091,7.94825567,0.1,0,0,-5.60E-06,-0.2435256
12-01-2022,7.810069459,176.022,17.2,25.8,19.6,2022,1,12,0,22.7,1,44.1,44.1,176.0524744,176.2960096,176.51,7.817998176,7.883410091,7.940326953,26.8,0,0.2,-0.0304744,-0.2740096
13-01-2022,7.810069459,176.022,5.7,26.3,19.4,2022,1,13,0,22.85,1,49.7,49.8,176.022,176.05248,176.418,7.810069459,7.817998176,7.896011088,17.2,0.1,0,0,-0.03048
15-01-2022,7.810069459,176.0219944,1.1,26.5,19.8,2022,1,15,0,23.15,1,24,50.9,176.022,176.0524744,176.388,7.810069459,7.817998176,7.879389099,5.7,26.8,0,-5.60E-06,-0.03048
16-01-2022,7.777221917,175.9000744,2.7,27.3,19.7,2022,1,16,0,23.5,1,9.5,53.6,176.0219944,176.022,176.296,7.810069459,7.810069459,7.883410091,1.1,17.2,0,-0.12192,-0.1219256
17-01-2022,7.761364482,175.839,1.1,26.9,19.7,2022,1,17,0,23.3,1,4.9,54.7,175.9000744,176.022,176.2960096,7.777221917,7.810069459,7.883410091,2.7,5.7,0,-0.0610744,-0.183
18-01-2022,7.777221917,175.9,0.1,27.7,19.7,2022,1,18,0,23.7,1,3.9,54.7,175.839,176.0219944,176.05248,7.761364482,7.810069459,7.817998176,1.1,1.1,0.1,0.061,-0.1219944
19-01-2022,7.801857573,175.992,0,27.9,18.1,2022,1,19,0,23,0,1.2,27.9,175.9,175.9000744,176.0524744,7.777221917,7.777221917,7.817998176,0.1,2.7,26.8,0.092,0.0919256
20-01-2022,7.817998176,176.052,0,28.7,18,2022,1,20,0,23.35,0,0.1,10.7,175.992,175.839,176.022,7.801857573,7.761364482,7.810069459,0,1.1,17.2,0.06,0.213
21-01-2022,7.834421947,176.113,0,32.8,19.6,2022,1,21,0,26.2,0,0,5,176.052,175.9,176.022,7.817998176,7.777221917,7.810069459,0,0.1,5.7,0.061,0.213
22-01-2022,7.850845718,176.174,0,31.5,18.9,2022,1,22,0,25.2,0,0,3.9,176.113,175.992,176.0219944,7.834421947,7.801857573,7.810069459,0,0,1.1,0.061,0.182
23-01-2022,7.826210061,176.083,0,31.5,21.5,2022,1,23,0,26.5,0,0,1.2,176.174,176.052,175.9000744,7.850845718,7.817998176,7.777221917,0,0,2.7,-0.091,0.031
24-01-2022,7.826210061,176.0829544,0,29,20.7,2022,1,24,0,24.85,0,0,0.1,176.083,176.113,175.839,7.826210061,7.834421947,7.761364482,0,0,1.1,-4.56E-05,-0.0300456
25-01-2022,7.85073245,176.1743944,0,28.4,17.6,2022,1,25,0,23,0,0,0,176.0829544,176.174,175.9,7.826210061,7.850845718,7.777221917,0,0,0.1,0.09144,0.0003944
26-01-2022,7.858774435,176.205,0,29.6,18.7,2022,1,26,0,24.15,0,0,0,176.1743944,176.083,175.992,7.85073245,7.826210061,7.801857573,0,0,0,0.0306056,0.122
27-01-2022,7.850845718,176.174,0,29.1,19.3,2022,1,27,0,24.2,0,0,0,176.205,176.0829544,176.052,7.858774435,7.826210061,7.817998176,0,0,0,-0.031,0.0910456
28-01-2022,7.850845718,176.1740896,0,28.5,17.3,2022,1,28,0,22.9,0,0,0,176.174,176.1743944,176.113,7.850845718,7.85073245,7.834421947,0,0,0,8.96E-05,-0.0003048
29-01-2022,7.887657618,176.205,0,28.6,15.7,2022,1,29,0,22.15,0,0,0,176.1740896,176.205,176.174,7.850845718,7.858774435,7.850845718,0,0,0,0.0309104,0
30-01-2022,7.891338808,176.327,0,29.4,16.3,2022,1,30,0,22.85,0,0,0,176.205,176.174,176.083,7.887657618,7.850845718,7.826210061,0,0,0,0.122,0.153
31-01-2022,7.899550694,176.3569696,0,31,17.5,2022,1,31,0,24.25,0,0,0,176.327,176.1740896,176.0829544,7.891338808,7.850845718,7.826210061,0,0,0,0.0299696,0.18288
02-02-2022,7.899550694,176.3569696,0,32.9,19.3,2022,2,33,0,26.1,0,0,0,176.3569696,176.205,176.1743944,7.899550694,7.887657618,7.85073245,0,0,0,0,0.1519696
03-02-2022,8.055859687,176.936,0,32.8,20.5,2022,2,34,0,26.65,0,0,0,176.3569696,176.327,176.205,7.899550694,7.891338808,7.858774435,0,0,0,0.5790304,0.609
04-02-2022,8.095786441,177.0890991,0,31.4,21.6,2022,2,35,0,26.5,0,0,0,176.936,176.3569696,176.174,8.055859687,7.899550694,7.850845718,0,0,0,0.1530991,0.7321295
05-02-2022,8.144774585,177.272,0,30.7,17.6,2022,2,36,0,24.15,0,0,0,177.0890991,176.3569696,176.1740896,8.095786441,7.899550694,7.850845718,0,0,0,0.1829009,0.9150304
06-02-2022,8.144774585,177.3326343,0,31.3,17.4,2022,2,37,0,24.35,0,0,0,177.272,176.936,176.205,8.144774585,8.055859687,7.887657618,0,0,0,0.0606343,0.3966343
07-02-2022,8.161198356,177.333,0,32,19.8,2022,2,38,0,25.9,0,0,0,177.3326343,177.0890991,176.327,8.144774585,8.095786441,7.891338808,0,0,0,0.0003657,0.2439009
08-02-2022,8.144774585,177.272,0,32.5,20.2,2022,2,39,0,26.35,0,0,0,177.333,177.272,176.3569696,8.161198356,8.144774585,7.899550694,0,0,0,-0.061,0
09-02-2022,8.112210212,177.15,0,32.8,21,2022,2,40,0,26.9,0,0,0,177.272,177.3326343,176.3569696,8.144774585,8.144774585,7.899550694,0,0,0,-0.122,-0.1826343
10-02-2022,8.07936267,177.028,0,31.9,20.2,2022,2,41,0,26.05,0,0,0,177.15,177.333,176.936,8.112210212,8.161198356,8.055859687,0,0,0,-0.122,-0.305
11-02-2022,8.030374525,176.845,0,32,20.2,2022,2,42,0,26.1,0,0,0,177.028,177.272,177.0890991,8.07936267,8.144774585,8.095786441,0,0,0,-0.183,-0.427
12-02-2022,7.997810151,176.723,0,31.6,20,2022,2,43,0,25.8,0,0,0,176.845,177.15,177.272,8.030374525,8.112210212,8.144774585,0,0,0,-0.122,-0.427
13-02-2022,7.923903182,176.2661392,0,31.4,18,2022,2,44,0,24.7,0,0,0,176.723,177.028,177.3326343,7.997810151,8.07936267,8.144774585,0,0,0,-0.4568608,-0.7618608
14-02-2022,7.899550694,176.357,0,32,19.5,2022,2,45,0,25.75,0,0,0,176.2661392,176.845,177.333,7.923903182,8.030374525,8.161198356,0,0,0,0.0908608,-0.488
15-02-2022,7.891338808,176.327,0,32.6,20.2,2022,2,46,0,26.4,0,0,0,176.357,176.723,177.272,7.899550694,7.997810151,8.144774585,0,0,0,-0.03,-0.396
16-02-2022,7.817998176,176.052,0,32.5,20.9,2022,2,47,0,26.7,0,0,0,176.327,176.2661392,177.15,7.891338808,7.923903182,8.112210212,0,0,0,-0.275,-0.2141392
17-02-2022,7.793645688,175.961,0,32.4,20.2,2022,2,48,0,26.3,0,0,0,176.052,176.357,177.028,7.817998176,7.899550694,8.07936267,0,0,0,-0.091,-0.396
18-02-2022,7.753718934,175.809,0.1,32.9,20,2022,2,49,0,26.45,1,0.1,0.1,175.961,176.327,176.845,7.793645688,7.891338808,8.030374525,0,0,0,-0.152,-0.518
19-02-2022,7.699350588,175.5952744,0,33.1,19.7,2022,2,50,0,26.4,0,0.1,0.1,175.809,176.052,176.723,7.753718934,7.817998176,7.997810151,0.1,0,0,-0.2137256,-0.4567256
21-02-2022,7.699350588,175.4428744,0,34.1,21.2,2022,2,52,0,27.65,0,0.1,0.1,175.5952744,175.961,176.2661392,7.699350588,7.793645688,7.923903182,0,0,0,-0.1524,-0.5181256
22-02-2022,7.627708967,175.29,0,35,21,2022,2,53,0,28,0,0,0.1,175.4428744,175.809,176.357,7.699350588,7.753718934,7.899550694,0,0.1,0,-0.1528744,-0.519
23-02-2022,7.613550543,175.23,0,33.7,22.2,2022,2,54,0,27.95,0,0,0.1,175.29,175.5952744,176.327,7.627708967,7.699350588,7.891338808,0,0,0,-0.06,-0.3652744
24-02-2022,7.563712893,175.016,0,33.6,21,2022,2,55,0,27.3,0,0,0.1,175.23,175.4428744,176.052,7.613550543,7.699350588,7.817998176,0,0,0,-0.214,-0.4268744
25-02-2022,7.542475258,174.925,0,35,20.2,2022,2,56,0,27.6,0,0,0.1,175.016,175.29,175.961,7.563712893,7.627708967,7.793645688,0,0,0,-0.091,-0.365
26-02-2022,7.49971682,174.742,0,33.8,18.9,2022,2,57,0,26.35,0,0,0,174.925,175.23,175.809,7.542475258,7.613550543,7.753718934,0,0,0.1,-0.183,-0.488
27-02-2022,7.464320762,174.589,0,33.6,20.2,2022,2,58,0,26.9,0,0,0,174.742,175.016,175.5952744,7.49971682,7.563712893,7.699350588,0,0,0,-0.153,-0.427
28-02-2022,7.435834014,174.4675144,0,34.9,19.2,2022,2,59,0,27.05,0,0,0,174.589,174.925,175.4428744,7.464320762,7.542475258,7.699350588,0,0,0,-0.1214856,-0.4574856
01-03-2022,7.435834014,174.4675144,0,35.8,21.6,2022,3,60,0,28.7,0,0,0,174.4675144,174.742,175.29,7.435834014,7.49971682,7.627708967,0,0,0,0,-0.2744856
02-03-2022,7.31509098,173.949,0,35.7,20.8,2022,3,61,0,28.25,0,0,0,174.4675144,174.589,175.23,7.435834014,7.464320762,7.613550543,0,0,0,-0.5185144,-0.64
03-03-2022,7.286774134,173.827,0,35.7,20.4,2022,3,62,0,28.05,0,0,0,173.949,174.4675144,175.016,7.31509098,7.435834014,7.563712893,0,0,0,-0.122,-0.6405144
04-03-2022,7.22277806,173.553,0,35.6,20.6,2022,3,63,0,28.1,0,0,0,173.827,174.4675144,174.925,7.286774134,7.435834014,7.542475258,0,0,0,-0.274,-0.9145144
05-03-2022,7.165861199,173.309,0,35.8,20.5,2022,3,64,0,28.15,0,0,0,173.553,173.949,174.742,7.22277806,7.31509098,7.49971682,0,0,0,-0.244,-0.64
06-03-2022,7.094785914,173.0044745,0,35,21.2,2022,3,65,0,28.1,0,0,0,173.309,173.827,174.589,7.165861199,7.286774134,7.464320762,0,0,0,-0.3045255,-0.8225255
07-03-2022,7.066469067,172.883,0,35.7,22.1,2022,3,66,0,28.9,0,0,0,173.0044745,173.553,174.4675144,7.094785914,7.22277806,7.435834014,0,0,0,-0.1214745,-0.67
08-03-2022,6.974436484,172.486,0,35.4,23.4,2022,3,67,0,29.4,0,0,0,172.883,173.309,174.4675144,7.066469067,7.165861199,7.435834014,0,0,0,-0.397,-0.823
09-03-2022,6.947255143,172.364,0,36.8,23.8,2022,3,68,0,30.3,0,0,0,172.486,173.0044745,173.949,6.974436484,7.094785914,7.31509098,0,0,0,-0.122,-0.6404745
10-03-2022,6.886657091,172.09,0,36.1,22.7,2022,3,69,0,29.4,0,0,0,172.364,172.883,173.827,6.947255143,7.066469067,7.286774134,0,0,0,-0.274,-0.793
11-03-2022,6.846164001,171.907,0,37.4,23.2,2022,3,70,0,30.3,0,0,0,172.09,172.486,173.553,6.886657091,6.974436484,7.22277806,0,0,0,-0.183,-0.579
12-03-2022,6.846164001,171.9068897,0,36.8,23.4,2022,3,71,0,30.1,0,0,0,171.907,172.364,173.309,6.846164001,6.947255143,7.165861199,0,0,0,-0.0001103,-0.4571103
13-03-2022,6.846164001,171.9041465,0,38.3,24.7,2022,3,72,0,31.5,0,0,0,171.9068897,172.09,173.0044745,6.846164001,6.886657091,7.094785914,0,0,0,-0.0027432,-0.1858535
14-03-2022,6.846164001,171.9041465,0,37.9,23.6,2022,3,73,0,30.75,0,0,0,171.9041465,171.907,172.883,6.846164001,6.846164001,7.066469067,0,0,0,0,-0.0028535
16-03-2022,6.700218973,171.2366345,0,39.8,23.6,2022,3,75,0,31.7,0,0,0,171.9041465,171.9068897,172.486,6.846164001,6.846164001,6.974436484,0,0,0,-0.667512,-0.6702552
17-03-2022,6.621492476,170.871,0,40.9,24.2,2022,3,76,0,32.55,0,0,0,171.2366345,171.9041465,172.364,6.700218973,6.846164001,6.947255143,0,0,0,-0.3656345,-1.0331465
18-03-2022,6.573472768,170.658,0,38.9,25.6,2022,3,77,0,32.25,0,0,0,170.871,171.9041465,172.09,6.621492476,6.846164001,6.886657091,0,0,0,-0.213,-1.2461465
19-03-2022,6.553934144,170.566,0,37.9,24.3,2022,3,78,0,31.1,0,0,0,170.658,171.2366345,171.907,6.573472768,6.700218973,6.846164001,0,0,0,-0.092,-0.6706345
20-03-2022,6.521086602,170.414,0.1,38.2,26.3,2022,3,79,0,32.25,1,0.1,0.1,170.566,170.871,171.9068897,6.553934144,6.621492476,6.846164001,0,0,0,-0.152,-0.457
21-03-2022,6.495035103,170.292,0.1,38.6,27.6,2022,3,80,0,33.1,1,0.2,0.2,170.414,170.658,171.9041465,6.521086602,6.573472768,6.846164001,0.1,0,0,-0.122,-0.366
22-03-2022,6.423110313,169.956,0,38.3,26.6,2022,3,81,0,32.45,0,0.2,0.2,170.292,170.566,171.9041465,6.495035103,6.553934144,6.846164001,0.1,0,0,-0.336,-0.61
23-03-2022,6.365060777,169.682,0,39.4,27.3,2022,3,82,0,33.35,0,0.1,0.2,169.956,170.414,171.2366345,6.423110313,6.521086602,6.700218973,0,0.1,0,-0.274,-0.732
24-03-2022,6.320065308,169.469,0,38.5,25.5,2022,3,83,0,32,0,0,0.2,169.682,170.292,170.871,6.365060777,6.495035103,6.621492476,0,0.1,0,-0.213,-0.823
25-03-2022,6.236785462,169.073,0.1,38.8,25.2,2022,3,84,0,32,1,0.1,0.3,169.469,169.956,170.658,6.320065308,6.423110313,6.573472768,0,0,0,-0.396,-0.883
26-03-2022,6.179523135,168.798,0,39.4,25.3,2022,3,85,0,32.35,0,0.1,0.3,169.073,169.682,170.566,6.236785462,6.365060777,6.553934144,0.1,0,0,-0.275,-0.884
27-03-2022,6.122442035,168.524,0,39.6,25.9,2022,3,86,0,32.75,0,0.1,0.2,168.798,169.469,170.414,6.179523135,6.320065308,6.521086602,0,0,0.1,-0.274,-0.945
28-03-2022,6.078239438,168.311,0,39.5,26.5,2022,3,87,0,33,0,0,0.1,168.524,169.073,170.292,6.122442035,6.236785462,6.495035103,0,0.1,0.1,-0.213,-0.762
29-03-2022,5.946475487,167.67,0,41,26,2022,3,88,0,33.5,0,0,0.1,168.311,168.798,169.956,6.078239438,6.179523135,6.423110313,0,0,0,-0.641,-1.128
31-03-2022,5.90287887,167.457,0,41.2,26.1,2022,3,90,0,33.65,0,0,0.1,167.67,168.524,169.682,5.946475487,6.122442035,6.365060777,0,0,0,-0.213,-1.067
01-04-2022,5.847145653,167.183,0,39.9,26.1,2022,4,91,0,33,0,0,0.1,167.457,168.311,169.469,5.90287887,6.078239438,6.320065308,0,0,0,-0.274,-1.128
02-04-2022,5.834638102,167.122,0,39.1,26.2,2022,4,92,0,32.65,0,0,0,167.183,167.67,169.073,5.847145653,5.946475487,6.236785462,0,0,0.1,-0.061,-0.548
03-04-2022,5.809894841,167,0,39.8,25.9,2022,4,93,0,32.85,0,0,0,167.122,167.457,168.798,5.834638102,5.90287887,6.179523135,0,0,0,-0.122,-0.457
04-04-2022,5.772941356,166.817,0,39.3,25.7,2022,4,94,0,32.5,0,0,0,167,167.183,168.524,5.809894841,5.847145653,6.122442035,0,0,0,-0.183,-0.366
05-04-2022,5.742209083,166.665,0,38.9,25.4,2022,4,95,0,32.15,0,0,0,166.817,167.122,168.311,5.772941356,5.834638102,6.078239438,0,0,0,-0.152,-0.457
06-04-2022,5.693186958,166.421,0,39.4,24.9,2022,4,96,0,32.15,0,0,0,166.665,167,167.67,5.742209083,5.809894841,5.946475487,0,0,0,-0.244,-0.579
07-04-2022,5.662718031,166.268,0,38.8,25,2022,4,97,0,31.9,0,0,0,166.421,166.817,167.457,5.693186958,5.772941356,5.90287887,0,0,0,-0.153,-0.549
08-04-2022,5.632249104,166.116,0,38.3,25,2022,4,98,0,31.65,0,0,0,166.268,166.665,167.183,5.662718031,5.742209083,5.847145653,0,0,0,-0.152,-0.549
09-04-2022,5.608009883,165.994,0,39.3,25.2,2022,4,99,0,32.25,0,0,0,166.116,166.421,167.122,5.632249104,5.693186958,5.834638102,0,0,0,-0.122,-0.427
11-04-2022,5.547559079,165.689,0,38.3,24.9,2022,4,101,0,31.6,0,0,0,165.994,166.268,167,5.608009883,5.662718031,5.809894841,0,0,0,-0.305,-0.579
12-04-2022,5.517424291,165.5368747,0,39.6,25.2,2022,4,102,0,32.4,0,0,0,165.689,166.116,166.817,5.547559079,5.632249104,5.772941356,0,0,0,-0.1521253,-0.5791253
13-04-2022,5.493439922,165.4149547,0,39.2,25.1,2022,4,103,0,32.15,0,0,0,165.5368747,165.994,166.665,5.517424291,5.608009883,5.742209083,0,0,0,-0.12192,-0.5790453
14-04-2022,5.463509015,165.263,0,40.2,25.9,2022,4,104,0,33.05,0,0,0,165.4149547,165.689,166.421,5.493439922,5.547559079,5.693186958,0,0,0,-0.1519547,-0.426
15-04-2022,5.433665891,165.11,0,37.9,26.1,2022,4,105,0,32,0,0,0,165.263,165.5368747,166.268,5.463509015,5.517424291,5.662718031,0,0,0,-0.153,-0.4268747
16-04-2022,5.409845759,164.988,0.6,37.7,28.4,2022,4,106,0,33.05,1,0.6,0.6,165.11,165.4149547,166.116,5.433665891,5.493439922,5.632249104,0,0,0,-0.122,-0.4269547
17-04-2022,5.374225998,164.805,0,39.3,27.8,2022,4,107,0,33.55,0,0.6,0.6,164.988,165.263,165.994,5.409845759,5.463509015,5.608009883,0.6,0,0,-0.183,-0.458
18-04-2022,5.305755863,164.744,0,39.4,27.6,2022,4,108,0,33.5,0,0.6,0.6,164.805,165.11,165.689,5.374225998,5.433665891,5.547559079,0,0,0,-0.061,-0.366
19-04-2022,5.350553114,164.683,0,41.3,27.7,2022,4,109,0,34.5,0,0,0.6,164.744,164.988,165.5368747,5.305755863,5.409845759,5.517424291,0,0.6,0,-0.061,-0.305
20-04-2022,5.332798451,164.592,0,41.4,27.7,2022,4,110,0,34.55,0,0,0.6,164.683,164.805,165.4149547,5.350553114,5.374225998,5.493439922,0,0,0,-0.091,-0.213
21-04-2022,5.315154224,164.501,0,40.6,27,2022,4,111,0,33.8,0,0,0.6,164.592,164.744,165.263,5.332798451,5.305755863,5.463509015,0,0,0,-0.091,-0.243
22-04-2022,5.315154224,164.501,0,39,26,2022,4,112,0,32.5,0,0,0.6,164.501,164.683,165.11,5.315154224,5.350553114,5.433665891,0,0,0,0,-0.182
23-04-2022,5.309272815,164.47,0,39.2,26.2,2022,4,113,0,32.7,0,0,0,164.501,164.592,164.988,5.315154224,5.332798451,5.409845759,0,0,0.6,-0.031,-0.122
24-04-2022,5.303391406,164.44,0,39.6,27,2022,4,114,0,33.3,0,0,0,164.47,164.501,164.805,5.309272815,5.315154224,5.374225998,0,0,0,-0.03,-0.061
25-04-2022,5.303391406,164.44,0,41.9,28.6,2022,4,115,0,35.25,0,0,0,164.44,164.501,164.744,5.303391406,5.315154224,5.305755863,0,0,0,0,-0.061
26-04-2022,5.297509997,164.409,0,41.7,28.2,2022,4,116,0,34.95,0,0,0,164.44,164.47,164.683,5.303391406,5.309272815,5.350553114,0,0,0,-0.031,-0.061
27-04-2022,5.285747179,164.348,0,41.5,27.4,2022,4,117,0,34.45,0,0,0,164.409,164.44,164.592,5.297509997,5.303391406,5.332798451,0,0,0,-0.061,-0.092
28-04-2022,5.273984361,164.287,0,42,27.5,2022,4,118,0,34.75,0,0,0,164.348,164.44,164.501,5.285747179,5.303391406,5.315154224,0,0,0,-0.061,-0.153
29-04-2022,5.273984361,164.287,0,42.5,27.9,2022,4,119,0,35.2,0,0,0,164.287,164.409,164.501,5.273984361,5.297509997,5.315154224,0,0,0,0,-0.122
30-04-2022,5.262289503,164.226,0,41.9,29,2022,4,120,0,35.45,0,0,0,164.287,164.348,164.47,5.273984361,5.285747179,5.309272815,0,0,0,-0.061,-0.122
01-05-2022,5.262289503,164.226,0,41.8,29.1,2022,5,121,0,35.45,0,0,0,164.226,164.287,164.44,5.262289503,5.273984361,5.303391406,0,0,0,0,-0.061
02-05-2022,5.262289503,164.226,0,42.3,28.5,2022,5,122,0,35.4,0,0,0,164.226,164.287,164.44,5.262289503,5.273984361,5.303391406,0,0,0,0,-0.061
03-05-2022,5.262289503,164.226,0,40.9,28.9,2022,5,123,0,34.9,0,0,0,164.226,164.226,164.409,5.262289503,5.262289503,5.297509997,0,0,0,0,0
04-05-2022,5.250594646,164.165,9.5,36.2,26.1,2022,5,124,0,31.15,1,9.5,9.5,164.226,164.226,164.348,5.262289503,5.262289503,5.285747179,0,0,0,-0.061,-0.061
05-05-2022,5.250594646,164.165,0.5,39,27.9,2022,5,125,0,33.45,1,10,10,164.165,164.226,164.287,5.250594646,5.262289503,5.273984361,9.5,0,0,0,-0.061
06-05-2022,5.250594646,164.165,0,40.1,28.3,2022,5,126,0,34.2,0,10,10,164.165,164.226,164.287,5.250594646,5.262289503,5.273984361,0.5,0,0,0,-0.061
07-05-2022,5.244747217,164.135,0,40.5,28,2022,5,127,0,34.25,0,0.5,10,164.165,164.165,164.226,5.250594646,5.250594646,5.262289503,0,9.5,0,-0.03,-0.03
08-05-2022,5.244761375,164.1350995,0,39.7,28.8,2022,5,128,0,34.25,0,0,10,164.135,164.165,164.226,5.244747217,5.250594646,5.262289503,0,0.5,0,9.95E-05,-0.0299005
09-05-2022,5.238899788,164.104,0,40.9,28.5,2022,5,129,0,34.7,0,0,10,164.1350995,164.165,164.226,5.244761375,5.250594646,5.262289503,0,0,0,-0.0310995,-0.061
10-05-2022,5.238899788,164.104,0.3,36.4,28.8,2022,5,130,0,32.6,1,0.3,10.3,164.104,164.135,164.226,5.238899788,5.244747217,5.262289503,0,0,0,0,-0.031
11-05-2022,5.22720493,164.043,57,28.7,25.6,2022,5,131,0,27.15,1,57.3,57.8,164.104,164.1350995,164.165,5.238899788,5.244761375,5.250594646,0.3,0,9.5,-0.061,-0.0920995
12-05-2022,5.221357502,164.013,5.1,31,24.7,2022,5,132,0,27.85,1,62.4,62.4,164.043,164.104,164.165,5.22720493,5.238899788,5.250594646,57,0,0.5,-0.03,-0.091
13-05-2022,5.215510073,163.982,0.2,33.9,24.7,2022,5,133,0,29.3,1,62.3,62.6,164.013,164.104,164.165,5.221357502,5.238899788,5.250594646,5.1,0.3,0,-0.031,-0.122
14-05-2022,5.209702288,163.952,0,35.6,26.1,2022,5,134,0,30.85,0,5.3,62.6,163.982,164.043,164.135,5.215510073,5.22720493,5.244747217,0.2,57,0,-0.03,-0.091
15-05-2022,5.209702288,163.952,0,36,27.1,2022,5,135,0,31.55,0,0.2,62.6,163.952,164.013,164.1350995,5.209702288,5.221357502,5.244761375,0,5.1,0,0,-0.061
16-05-2022,5.203894502,163.921,0.2,35,27,2022,5,136,0,31,1,0.2,62.8,163.952,163.982,164.104,5.209702288,5.215510073,5.238899788,0,0.2,0,-0.031,-0.061
17-05-2022,5.203894502,163.921,0.1,35.5,26.9,2022,5,137,0,31.2,1,0.3,62.6,163.921,163.952,164.104,5.203894502,5.209702288,5.238899788,0.2,0,0.3,0,-0.031
18-05-2022,5.198123529,163.891,8.7,33.7,26.3,2022,5,138,0,30,1,9,14.3,163.921,163.952,164.043,5.203894502,5.209702288,5.22720493,0.1,0,57,-0.03,-0.061
19-05-2022,5.192278932,163.86,13.2,32.5,26,2022,5,139,0,29.25,1,22,22.4,163.891,163.921,164.013,5.198123529,5.203894502,5.221357502,8.7,0.2,5.1,-0.031,-0.061
23-05-2022,5.180652035,163.7995148,0,37.2,28.2,2022,5,143,0,32.7,0,21.9,22.2,163.86,163.921,163.982,5.192278932,5.203894502,5.215510073,13.2,0.1,0.2,-0.0604852,-0.1214852
24-05-2022,5.180663361,163.8,0,38.2,29.4,2022,5,144,0,33.8,0,13.2,22.2,163.7995148,163.891,163.952,5.180652035,5.198123529,5.209702288,0,8.7,0,0.0004852,-0.091
25-05-2022,5.15743222,163.678,0,37,28.2,2022,5,145,0,32.6,0,0,22.2,163.8,163.86,163.952,5.180663361,5.192278932,5.209702288,0,13.2,0,-0.122,-0.182
26-05-2022,5.15743222,163.678,0.1,38.3,29.3,2022,5,146,0,33.8,1,0.1,22.1,163.678,163.7995148,163.921,5.15743222,5.180652035,5.203894502,0,0,0.2,0,-0.1215148
27-05-2022,5.151661247,163.647,7.8,38.1,24.5,2022,5,147,0,31.3,1,7.9,29.8,163.678,163.8,163.921,5.15743222,5.180663361,5.203894502,0.1,0,0.1,-0.031,-0.153
30-05-2022,5.11692214,163.464,0,40.5,30.2,2022,5,150,0,35.35,0,7.9,21.1,163.647,163.678,163.891,5.151661247,5.15743222,5.198123529,7.8,0,8.7,-0.183,-0.214
31-05-2022,5.099722487,163.373,0.4,38.5,29.6,2022,5,151,0,34.05,1,8.2,8.3,163.464,163.678,163.86,5.11692214,5.15743222,5.192278932,0,0.1,13.2,-0.091,-0.305
01-06-2022,5.076797168,163.251,0,39.2,29.1,2022,6,152,1,34.15,0,0.4,8.3,163.373,163.647,163.7995148,5.099722487,5.151661247,5.180652035,0.4,7.8,0,-0.122,-0.396
03-06-2022,5.076927425,163.25,0,42.5,27.7,2022,6,154,1,35.1,0,0.4,8.3,163.251,163.464,163.8,5.076797168,5.11692214,5.180663361,0,0,0,-0.001,-0.214
04-06-2022,5.076797168,163.251,0,43,30.9,2022,6,155,1,36.95,0,0,8.3,163.25,163.373,163.678,5.076927425,5.099722487,5.15743222,0,0.4,0,0.001,-0.122
05-06-2022,5.071065838,163.22,0,41.5,30,2022,6,156,1,35.75,0,0,8.2,163.251,163.251,163.678,5.076797168,5.076797168,5.15743222,0,0,0.1,-0.031,-0.031
06-06-2022,5.065334508,163.19,0,40.9,29.5,2022,6,157,1,35.2,0,0,0.4,163.22,163.25,163.647,5.071065838,5.076927425,5.151661247,0,0,7.8,-0.03,-0.06
07-06-2022,5.059603179,163.159,1.4,40.5,29.3,2022,6,158,1,34.9,1,1.4,1.8,163.19,163.251,163.464,5.065334508,5.076797168,5.11692214,0,0,0,-0.031,-0.092
09-06-2022,5.053871849,163.129,0.1,39.2,28.5,2022,6,160,1,33.85,1,1.5,1.5,163.159,163.22,163.373,5.059603179,5.071065838,5.099722487,1.4,0,0.4,-0.03,-0.091
10-06-2022,5.048140519,163.098,0,38.5,30.2,2022,6,161,1,34.35,0,1.5,1.5,163.129,163.19,163.251,5.053871849,5.065334508,5.076797168,0.1,0,0,-0.031,-0.092
11-06-2022,5.036717503,163.04,0,37.9,29.1,2022,6,162,1,33.5,0,0.1,1.5,163.098,163.159,163.25,5.048140519,5.059603179,5.076927425,0,1.4,0,-0.058,-0.119
12-06-2022,5.03671184,163.038,0.5,37.7,28.9,2022,6,163,1,33.3,1,0.5,2,163.04,163.129,163.251,5.036717503,5.053871849,5.076797168,0,0.1,0,-0.002,-0.091
15-06-2022,5.019619791,162.946,11.4,35.8,25.7,2022,6,166,1,30.75,1,11.9,13.4,163.038,163.098,163.22,5.03671184,5.048140519,5.071065838,0.5,0,0,-0.092,-0.152
16-06-2022,5.013922442,162.916,22.5,35,24.4,2022,6,167,1,29.7,1,34.4,35.9,162.946,163.04,163.19,5.019619791,5.036717503,5.065334508,11.4,0,0,-0.03,-0.124
17-06-2022,5.008225092,162.885,0.9,34.8,25.6,2022,6,168,1,30.2,1,34.8,35.4,162.916,163.038,163.159,5.013922442,5.03671184,5.059603179,22.5,0.5,1.4,-0.031,-0.153
19-06-2022,4.996830393,162.824,3.4,33.8,26.1,2022,6,170,1,29.95,1,26.8,38.7,162.885,162.946,163.129,5.008225092,5.019619791,5.053871849,0.9,11.4,0.1,-0.061,-0.122
20-06-2022,4.991133044,162.794,0.3,35.3,27.7,2022,6,171,1,31.5,1,4.6,39,162.824,162.916,163.098,4.996830393,5.013922442,5.048140519,3.4,22.5,0,-0.03,-0.122
21-06-2022,4.985435694,162.763,1.3,33.1,25.4,2022,6,172,1,29.25,1,5,40.3,162.794,162.885,163.04,4.991133044,5.008225092,5.036717503,0.3,0.9,0,-0.031,-0.122
22-06-2022,4.974120282,162.702,0.3,33.5,27,2022,6,173,1,30.25,1,1.9,40.1,162.763,162.824,163.038,4.985435694,4.996830393,5.03671184,1.3,3.4,0.5,-0.061,-0.122
23-06-2022,4.96280487,162.641,0.2,36,27.5,2022,6,174,1,31.75,1,1.8,28.9,162.702,162.794,162.946,4.974120282,4.991133044,5.019619791,0.3,0.3,11.4,-0.061,-0.153
24-06-2022,4.951489458,162.58,0.2,35.1,28.7,2022,6,175,1,31.9,1,0.7,6.6,162.641,162.763,162.916,4.96280487,4.985435694,5.013922442,0.2,1.3,22.5,-0.061,-0.183
25-06-2022,4.940174047,162.519,0.8,36.1,27.9,2022,6,176,1,32,1,1.2,6.5,162.58,162.702,162.885,4.951489458,4.974120282,5.008225092,0.2,0.3,0.9,-0.061,-0.183
26-06-2022,4.928858635,162.458,15,31.5,25.6,2022,6,177,1,28.55,1,16,18.1,162.519,162.641,162.824,4.940174047,4.96280487,4.996830393,0.8,0.2,3.4,-0.061,-0.183
28-06-2022,4.906375059,162.336,8,28.5,25.2,2022,6,179,1,26.85,1,23.8,25.8,162.458,162.58,162.794,4.928858635,4.951489458,4.991133044,15,0.2,0.3,-0.122,-0.244
29-06-2022,4.89513327,162.276,9.1,33.6,24.7,2022,6,180,1,29.15,1,32.1,33.6,162.336,162.519,162.763,4.906375059,4.940174047,4.985435694,8,0.8,1.3,-0.06,-0.243
30-06-2022,4.878270588,162.184,0.8,33.4,26.9,2022,6,181,1,30.15,1,17.9,34.1,162.276,162.458,162.702,4.89513327,4.928858635,4.974120282,9.1,15,0.3,-0.092,-0.274
01-07-2022,4.867065612,162.123,1.4,34.4,26.1,2022,7,182,1,30.25,1,11.3,35.3,162.184,162.336,162.641,4.878270588,4.906375059,4.96280487,0.8,8,0.2,-0.061,-0.213
02-07-2022,4.850313366,162.032,1.2,34.2,27.1,2022,7,183,1,30.65,1,3.4,36.3,162.123,162.276,162.58,4.867065612,4.89513327,4.951489458,1.4,9.1,0.2,-0.091,-0.244
06-07-2022,4.766908926,161.574,12.1,28.8,25,2022,7,187,1,26.9,1,14.7,47.6,162.032,162.184,162.519,4.850313366,4.878270588,4.940174047,1.2,0.8,0.8,-0.458,-0.61
07-07-2022,4.739322654,161.422,7.9,30.8,25.3,2022,7,188,1,28.05,1,21.2,40.5,161.574,162.123,162.458,4.766908926,4.867065612,4.928858635,12.1,1.4,15,-0.152,-0.701
08-07-2022,4.706259904,161.239,38.7,26.3,24.9,2022,7,189,1,25.6,1,58.7,71.2,161.422,162.032,162.336,4.739322654,4.850313366,4.906375059,7.9,1.2,8,-0.183,-0.793
09-07-2022,4.684376645,161.117,26.1,26.2,24.6,2022,7,190,1,25.4,1,72.7,88.2,161.239,161.574,162.276,4.706259904,4.766908926,4.89513327,38.7,12.1,9.1,-0.122,-0.457
10-07-2022,4.67890583,161.087,24.7,26.4,24.2,2022,7,191,1,25.3,1,89.5,112.1,161.117,161.422,162.184,4.684376645,4.739322654,4.878270588,26.1,7.9,0.8,-0.03,-0.335
11-07-2022,4.67890583,161.087,6.1,27.8,25.2,2022,7,192,1,26.5,1,56.9,116.8,161.087,161.239,162.123,4.67890583,4.706259904,4.867065612,24.7,38.7,1.4,0,-0.152
12-07-2022,4.673412362,161.06,16.6,27.2,24.3,2022,7,193,1,25.75,1,47.4,132.2,161.087,161.117,162.032,4.67890583,4.684376645,4.850313366,6.1,26.1,1.2,-0.027,-0.057
13-07-2022,4.668032161,161.03,5.7,28.5,24.1,2022,7,194,1,26.3,1,28.4,125.8,161.06,161.087,161.574,4.673412362,4.67890583,4.766908926,16.6,24.7,12.1,-0.03,-0.057
14-07-2022,4.673435015,161.056,0.5,30.3,24.4,2022,7,195,1,27.35,1,22.8,118.4,161.03,161.087,161.422,4.668032161,4.67890583,4.739322654,5.7,6.1,7.9,0.026,-0.031
15-07-2022,4.722791279,161.331,0,31,26.4,2022,7,196,1,28.7,0,6.2,79.7,161.056,161.06,161.239,4.673435015,4.673412362,4.706259904,0.5,16.6,38.7,0.275,0.271
16-07-2022,4.755854029,161.514,3.8,32.9,26.3,2022,7,197,1,29.6,1,4.3,57.4,161.331,161.03,161.117,4.722791279,4.668032161,4.684376645,0,5.7,26.1,0.183,0.484
17-07-2022,4.800033973,161.757,8,30.4,25.1,2022,7,198,1,27.75,1,11.8,40.7,161.514,161.056,161.087,4.755854029,4.673435015,4.67890583,3.8,0.5,24.7,0.243,0.701
18-07-2022,4.822392955,161.879,10.9,32.3,25.4,2022,7,199,1,28.85,1,22.7,45.5,161.757,161.331,161.087,4.800033973,4.722791279,4.67890583,8,0,6.1,0.122,0.548
19-07-2022,4.917616847,162.397,0,32.5,25.2,2022,7,200,1,28.85,0,18.9,28.9,161.879,161.514,161.06,4.822392955,4.755854029,4.673412362,10.9,3.8,16.6,0.518,0.883
20-07-2022,4.917616847,162.397,0,33.1,25.7,2022,7,201,1,29.4,0,10.9,23.2,162.397,161.757,161.03,4.917616847,4.800033973,4.668032161,0,8,5.7,0,0.64
21-07-2022,4.991133044,162.794,0.9,32.9,27.1,2022,7,202,1,30,1,0.9,23.6,162.397,161.879,161.056,4.917616847,4.822392955,4.673435015,0,10.9,0.5,0.397,0.915
22-07-2022,5.088259827,163.312,14.1,28.4,25.9,2022,7,203,1,27.15,1,15,37.7,162.794,162.397,161.331,4.991133044,4.917616847,4.722791279,0.9,0,0,0.518,0.915
23-07-2022,5.391980661,164.897,6.2,28,25.2,2022,7,204,1,26.6,1,21.2,40.1,163.312,162.397,161.514,5.088259827,4.917616847,4.755854029,14.1,0,3.8,1.585,2.5
24-07-2022,5.595890273,165.933,0,30.6,26.2,2022,7,205,1,28.4,0,20.3,32.1,164.897,162.794,161.757,5.391980661,4.991133044,4.800033973,6.2,0.9,8,1.036,3.139
25-07-2022,5.614069688,166.025,0.8,31.4,25.8,2022,7,206,1,28.6,1,7,22,165.933,163.312,161.879,5.595890273,5.088259827,4.822392955,0,14.1,10.9,0.092,2.713
27-07-2022,5.86559691,167.274,0.8,31.8,24.4,2022,7,208,1,28.1,1,1.6,22.8,166.025,164.897,162.397,5.614069688,5.391980661,4.917616847,0.8,6.2,0,1.249,2.377
29-07-2022,6.116127379,168.493,8.3,32.6,25.7,2022,7,210,1,29.15,1,9.9,31.1,167.274,165.933,162.397,5.86559691,5.595890273,4.917616847,0.8,0,0,1.219,2.56
30-07-2022,6.288038954,169.32,1.7,32.5,25.6,2022,7,211,1,29.05,1,10.8,31.9,168.493,166.025,162.794,6.116127379,5.614069688,4.991133044,8.3,0.8,0.9,0.827,3.295
31-07-2022,6.326549866,169.5,2.6,32.4,25.4,2022,7,212,1,28.9,1,12.6,20.4,169.32,167.274,163.312,6.288038954,5.86559691,5.088259827,1.7,0.8,14.1,0.18,2.226
03-08-2022,6.67456391,171.11,18.7,31.8,25.4,2022,8,215,1,28.6,1,23,32.9,169.5,168.493,164.897,6.326549866,6.116127379,5.391980661,2.6,8.3,6.2,1.61,2.617
04-08-2022,6.706561947,171.27,3,31.6,25.1,2022,8,216,1,28.35,1,24.3,35.9,171.11,169.32,165.933,6.67456391,6.288038954,5.595890273,18.7,1.7,0,0.16,1.95
05-08-2022,6.995393782,172.58,11.5,30.2,25.4,2022,8,217,1,27.8,1,33.2,46.6,171.27,169.5,166.025,6.706561947,6.326549866,5.614069688,3,2.6,0.8,1.31,3.08
11-08-2022,8.667786742,179.2223943,0.3,32.1,26.2,2022,8,223,1,29.15,1,14.8,46.1,172.58,171.11,167.274,6.995393782,6.67456391,5.86559691,11.5,18.7,0.8,6.6423943,8.1123943
12-08-2022,8.577456001,178.77,0,31.8,26.7,2022,8,224,1,29.25,0,11.8,37.8,179.2223943,171.27,168.493,8.667786742,6.706561947,6.116127379,0.3,3,8.3,-0.4523943,7.5
13-08-2022,8.548289649,178.7,0,31.7,26.2,2022,8,225,1,28.95,0,0.3,36.1,178.77,172.58,169.32,8.577456001,6.995393782,6.288038954,0,11.5,1.7,-0.07,6.12
16-08-2022,8.504115369,178.613,0,32.4,24.1,2022,8,228,1,28.25,0,0,33.5,178.7,179.2223943,169.5,8.548289649,8.667786742,6.326549866,0,0.3,2.6,-0.087,-0.6093943
17-08-2022,8.504115369,178.613,0,32.7,24.8,2022,8,229,1,28.75,0,0,14.8,178.613,178.77,171.11,8.504115369,8.577456001,6.67456391,0,0,18.7,0,-0.157
18-08-2022,8.384216177,178.247,0,32.9,26.5,2022,8,230,1,29.7,0,0,11.8,178.613,178.7,171.27,8.504115369,8.548289649,6.706561947,0,0,3,-0.366,-0.453
19-08-2022,8.463268317,178.46,0,32.6,27.4,2022,8,231,1,30,0,0,0.3,178.247,178.613,172.58,8.384216177,8.504115369,6.995393782,0,0,11.5,0.213,-0.153
20-08-2022,8.657773905,179.04,0.1,32.9,27,2022,8,232,1,29.95,1,0.1,0.1,178.46,178.613,179.2223943,8.463268317,8.504115369,8.667786742,0,0,0.3,0.58,0.427
21-08-2022,8.667815059,179.222,0.5,32.8,27,2022,8,233,1,29.9,1,0.6,0.6,179.04,178.247,178.77,8.657773905,8.384216177,8.577456001,0.1,0,0,0.182,0.975
22-08-2022,8.661064322,179.1,0,32.3,26.5,2022,8,234,1,29.4,0,0.6,0.6,179.222,178.46,178.7,8.667815059,8.463268317,8.548289649,0.5,0,0,-0.122,0.64
26-08-2022,8.810747174,179.741,12.5,32.6,24.4,2022,8,238,1,28.5,1,13,13.1,179.1,179.04,178.613,8.661064322,8.657773905,8.504115369,0,0.1,0,0.641,0.701
27-08-2022,8.827669321,179.802,2.4,33.2,25.7,2022,8,239,1,29.45,1,14.9,15.5,179.741,179.222,178.613,8.810747174,8.667815059,8.504115369,12.5,0.5,0,0.061,0.58
28-08-2022,8.776902878,179.619,14.1,33,24.7,2022,8,240,1,28.85,1,29,29.6,179.802,179.1,178.247,8.827669321,8.661064322,8.384216177,2.4,0,0,-0.183,0.519
29-08-2022,8.718037818,179.405,3.6,32.7,25,2022,8,241,1,28.85,1,20.1,33.2,179.619,179.741,178.46,8.776902878,8.810747174,8.463268317,14.1,12.5,0,-0.214,-0.336
30-08-2022,8.65600127,179.009,22,31.4,23.5,2022,8,242,1,27.45,1,39.7,55.1,179.405,179.802,179.04,8.718037818,8.827669321,8.657773905,3.6,2.4,0.1,-0.396,-0.793
31-08-2022,8.667815059,179.222,1.1,31.6,24.8,2022,8,243,1,28.2,1,26.7,55.7,179.009,179.619,179.222,8.65600127,8.776902878,8.667815059,22,14.1,0.5,0.213,-0.397
01-09-2022,8.8022861,179.71,1.7,31.3,25,2022,9,244,1,28.15,1,24.8,57.4,179.222,179.405,179.1,8.667815059,8.718037818,8.661064322,1.1,3.6,0,0.488,0.305
02-09-2022,8.759816493,179.55768,1.7,32.3,24.2,2022,9,245,1,28.25,1,4.5,46.6,179.71,179.009,179.741,8.8022861,8.65600127,8.810747174,1.7,22,12.5,-0.15232,0.54868
03-09-2022,8.743149197,179.497,0,33.8,24.5,2022,9,246,1,29.15,0,3.4,44.2,179.55768,179.222,179.802,8.759816493,8.667815059,8.827669321,1.7,1.1,2.4,-0.06068,0.275
04-09-2022,8.759980731,179.55768,2.7,33.4,25.6,2022,9,247,1,29.5,1,4.4,32.8,179.497,179.71,179.619,8.743149197,8.8022861,8.776902878,0,1.7,14.1,0.06068,-0.15232
05-09-2022,8.760099662,179.56,15.6,32.8,24,2022,9,248,1,28.4,1,18.3,44.8,179.55768,179.55768,179.405,8.759980731,8.759816493,8.718037818,2.7,1.7,3.6,0.00232,0.00232
06-09-2022,8.776523433,179.62,1.4,32.5,24.4,2022,9,249,1,28.45,1,19.7,24.2,179.56,179.497,179.009,8.760099662,8.743149197,8.65600127,15.6,0,22,0.06,0.123
07-09-2022,8.785363952,179.649,12.1,32.1,24.9,2022,9,250,1,28.5,1,29.1,35.2,179.62,179.55768,179.222,8.776523433,8.759980731,8.667815059,1.4,2.7,1.1,0.029,0.09132
08-09-2022,8.734048163,179.49,8.9,28.7,25,2022,9,251,1,26.85,1,22.4,42.4,179.649,179.56,179.71,8.785363952,8.760099662,8.8022861,12.1,15.6,1.7,-0.159,-0.07
09-09-2022,8.666127375,179.19192,22.7,29.6,24.3,2022,9,252,1,26.95,1,43.7,63.4,179.49,179.62,179.55768,8.734048163,8.776523433,8.759816493,8.9,1.4,1.7,-0.29808,-0.42808
10-09-2022,8.666127375,179.192,11.1,28.5,25,2022,9,253,1,26.75,1,42.7,74.5,179.19192,179.649,179.497,8.666127375,8.785363952,8.743149197,22.7,12.1,0,8.00E-05,-0.457
11-09-2022,8.676185519,179.253,10.1,29.1,24.9,2022,9,254,1,27,1,43.9,81.9,179.192,179.49,179.55768,8.666127375,8.734048163,8.759980731,11.1,8.9,2.7,0.061,-0.237
13-09-2022,8.734778737,179.466,0,32.1,26.1,2022,9,256,1,29.1,0,21.2,66.3,179.253,179.19192,179.56,8.676185519,8.666127375,8.760099662,10.1,22.7,15.6,0.213,0.27408
14-09-2022,8.734778737,179.46624,0.3,32,25.8,2022,9,257,1,28.9,1,10.4,65.2,179.466,179.192,179.62,8.734778737,8.666127375,8.776523433,0,11.1,1.4,0.00024,0.27424
15-09-2022,8.734778737,179.466,0.2,32.3,25.8,2022,9,258,1,29.05,1,0.5,53.3,179.46624,179.253,179.649,8.734778737,8.676185519,8.785363952,0.3,10.1,12.1,-0.00024,0.213
16-09-2022,8.709667358,179.3748,0,32.2,26,2022,9,259,1,29.1,0,0.5,44.4,179.466,179.466,179.49,8.734778737,8.734778737,8.734048163,0.2,0,8.9,-0.0912,-0.0912
17-09-2022,8.718037818,179.405,0,32.5,26.3,2022,9,260,1,29.4,0,0.2,21.7,179.3748,179.46624,179.19192,8.709667358,8.734778737,8.666127375,0,0.3,22.7,0.0302,-0.06124
18-09-2022,8.726408278,179.436,0,32.9,26.5,2022,9,261,1,29.7,0,0,10.6,179.405,179.466,179.192,8.718037818,8.734778737,8.666127375,0,0.2,11.1,0.031,-0.03
19-09-2022,8.793825026,179.68,0.6,29.9,26.3,2022,9,262,1,28.1,1,0.6,1.1,179.436,179.3748,179.253,8.726408278,8.709667358,8.676185519,0,0,10.1,0.244,0.3052
21-09-2022,8.768441805,179.588,0,32.5,25.5,2022,9,264,1,29,0,0.6,1.1,179.68,179.405,179.466,8.793825026,8.718037818,8.734778737,0.6,0,0,-0.092,0.183
22-09-2022,8.819208247,179.771,0.7,32.7,26.3,2022,9,265,1,29.5,1,1.3,1.5,179.588,179.436,179.46624,8.768441805,8.726408278,8.734778737,0,0,0.3,0.183,0.335
23-09-2022,8.819281871,179.77,0,31.8,25.5,2022,9,266,1,28.65,0,0.7,1.3,179.771,179.68,179.466,8.819208247,8.793825026,8.734778737,0.7,0.6,0.2,-0.001,0.09
24-09-2022,8.836271979,179.83,0.3,32.1,24.8,2022,9,267,1,28.45,1,1,1.6,179.77,179.588,179.3748,8.819281871,8.768441805,8.709667358,0,0,0,0.06,0.242
25-09-2022,8.827776925,179.8,0.5,33,25.4,2022,9,268,1,29.2,1,0.8,2.1,179.83,179.771,179.405,8.836271979,8.819208247,8.718037818,0.3,0.7,0,-0.03,0.029
26-09-2022,8.836271979,179.83,4,32.4,24.7,2022,9,269,1,28.55,1,4.8,6.1,179.8,179.77,179.436,8.827776925,8.819281871,8.726408278,0.5,0,0,0.03,0.06
27-09-2022,8.836271979,179.83,4.2,32.4,24,2022,9,270,1,28.2,1,8.7,9.7,179.83,179.83,179.68,8.836271979,8.836271979,8.793825026,4,0.3,0.6,0,0
28-09-2022,8.827669321,179.802,21.6,31.8,24.1,2022,9,271,1,27.95,1,29.8,31.3,179.83,179.8,179.588,8.836271979,8.827776925,8.768441805,4.2,0.5,0,-0.028,0.002
29-09-2022,8.793796709,179.68,10,31.3,24.6,2022,9,272,1,27.95,1,35.8,40.6,179.802,179.83,179.771,8.827669321,8.836271979,8.819208247,21.6,4,0.7,-0.122,-0.15
30-09-2022,8.793796709,179.68,10.4,30.1,25,2022,9,273,1,27.55,1,42,51,179.68,179.83,179.77,8.793796709,8.836271979,8.819281871,10,4.2,0,0,-0.15
01-10-2022,8.836271979,179.83,8.5,31,24.3,2022,10,274,0,27.65,1,28.9,59.2,179.68,179.802,179.83,8.793796709,8.827669321,8.836271979,10.4,21.6,0.3,0.15,0.028
02-10-2022,8.810747174,179.741,0,32.6,25.1,2022,10,275,0,28.85,0,18.9,58.7,179.83,179.68,179.8,8.836271979,8.793796709,8.827776925,8.5,10,0.5,-0.089,0.061
03-10-2022,8.810786817,179.74,0,32.9,25.8,2022,10,276,0,29.35,0,8.5,54.7,179.741,179.68,179.83,8.810747174,8.793796709,8.836271979,0,10.4,4,-0.001,0.06
04-10-2022,8.810747174,179.741,0,32.1,26.4,2022,10,277,0,29.25,0,0,50.5,179.74,179.83,179.83,8.810786817,8.836271979,8.836271979,0,8.5,4.2,0.001,-0.089
05-10-2022,8.793796709,179.68,13.2,30.2,24.4,2022,10,278,0,27.3,1,13.2,42.1,179.741,179.741,179.802,8.810747174,8.810747174,8.827669321,0,0,21.6,-0.061,-0.061
06-10-2022,8.827776925,179.8,21.1,27.2,22.8,2022,10,279,0,25,1,34.3,53.2,179.68,179.74,179.68,8.793796709,8.810786817,8.793796709,13.2,0,10,0.12,0.06
07-10-2022,8.836271979,179.83,10.3,30.8,22.4,2022,10,280,0,26.6,1,44.6,53.1,179.8,179.741,179.68,8.827776925,8.810747174,8.793796709,21.1,0,10.4,0.03,0.089
08-10-2022,8.836271979,179.83,12.2,29.3,23,2022,10,281,0,26.15,1,43.6,56.8,179.83,179.68,179.83,8.836271979,8.793796709,8.836271979,10.3,13.2,8.5,0,0.15
09-10-2022,8.819281871,179.77,9.1,27.7,23,2022,10,282,0,25.35,1,31.6,65.9,179.83,179.8,179.741,8.836271979,8.827776925,8.810747174,12.2,21.1,0,-0.06,-0.03
10-10-2022,8.819208247,179.771,3.5,29,22.9,2022,10,283,0,25.95,1,24.8,69.4,179.77,179.83,179.74,8.819281871,8.836271979,8.810786817,9.1,10.3,0,0.001,-0.059
11-10-2022,8.810747174,179.741,1.3,29,23.1,2022,10,284,0,26.05,1,13.9,70.7,179.771,179.83,179.741,8.819208247,8.836271979,8.810747174,3.5,12.2,0,-0.03,-0.089
12-10-2022,8.802291763,179.71,11.8,30.4,22.9,2022,10,285,0,26.65,1,16.6,69.3,179.741,179.77,179.68,8.810747174,8.819281871,8.793796709,1.3,9.1,13.2,-0.031,-0.06
13-10-2022,8.810786817,179.74,1.6,30.2,23.1,2022,10,286,0,26.65,1,14.7,49.8,179.71,179.771,179.8,8.802291763,8.819208247,8.827776925,11.8,3.5,21.1,0.03,-0.031
14-10-2022,8.802291763,179.71,12.4,28.9,23,2022,10,287,0,25.95,1,25.8,51.9,179.74,179.741,179.83,8.810786817,8.810747174,8.836271979,1.6,1.3,10.3,-0.03,-0.031
15-10-2022,8.776806601,179.62,44.5,27.7,22.8,2022,10,288,0,25.25,1,58.5,84.2,179.71,179.71,179.83,8.802291763,8.802291763,8.836271979,12.4,11.8,12.2,-0.09,-0.09
16-10-2022,8.734897668,179.47,7.8,28.1,22.5,2022,10,289,0,25.3,1,64.7,82.9,179.62,179.74,179.77,8.776806601,8.810786817,8.819281871,44.5,1.6,9.1,-0.15,-0.27
17-10-2022,8.709695675,179.37,1.5,30.4,23.1,2022,10,290,0,26.75,1,53.8,80.9,179.47,179.71,179.771,8.734897668,8.802291763,8.819208247,7.8,12.4,3.5,-0.1,-0.34
18-10-2022,8.743109554,179.5,1.8,30.3,22.7,2022,10,291,0,26.5,1,11.1,81.4,179.37,179.62,179.741,8.709695675,8.776806601,8.810747174,1.5,44.5,1.3,0.13,-0.12
19-10-2022,8.71790756,179.41,13.3,30.3,23.6,2022,10,292,0,26.95,1,16.6,82.9,179.5,179.47,179.71,8.743109554,8.734897668,8.802291763,1.8,7.8,11.8,-0.09,-0.06
20-10-2022,8.802291763,179.71,6.1,29.8,23,2022,10,293,0,26.4,1,21.2,87.4,179.41,179.37,179.74,8.71790756,8.709695675,8.810786817,13.3,1.5,1.6,0.3,0.34
21-10-2022,8.827776925,179.8,7.8,29.7,22.8,2022,10,294,0,26.25,1,27.2,82.8,179.71,179.5,179.71,8.802291763,8.743109554,8.802291763,6.1,1.8,12.4,0.09,0.3
22-10-2022,8.827776925,179.8,0,29.5,21.6,2022,10,295,0,25.55,0,13.9,38.3,179.8,179.41,179.62,8.827776925,8.71790756,8.776806601,7.8,13.3,44.5,0,0.39
23-10-2022,8.8022861,179.71,0,30,20.4,2022,10,296,0,25.2,0,7.8,30.5,179.8,179.71,179.47,8.827776925,8.802291763,8.734897668,0,6.1,7.8,-0.09,0
24-10-2022,8.810747174,179.741,0,30.4,21.8,2022,10,297,0,26.1,0,0,29,179.71,179.8,179.37,8.8022861,8.827776925,8.709695675,0,7.8,1.5,0.031,-0.059
25-10-2022,8.819208247,179.771,0,30.1,21,2022,10,298,0,25.55,0,0,27.2,179.741,179.8,179.5,8.810747174,8.827776925,8.743109554,0,0,1.8,0.03,-0.029
26-10-2022,8.8022861,179.71,0,30.4,19.9,2022,10,299,0,25.15,0,0,13.9,179.771,179.71,179.41,8.819208247,8.8022861,8.71790756,0,0,13.3,-0.061,0
27-10-2022,8.793825026,179.68,0,30.8,22,2022,10,300,0,26.4,0,0,7.8,179.71,179.741,179.71,8.8022861,8.810747174,8.802291763,0,0,6.1,-0.03,-0.061
28-10-2022,8.836271979,179.83,0,30,19.8,2022,10,301,0,24.9,0,0,0,179.68,179.771,179.8,8.793825026,8.819208247,8.827776925,0,0,7.8,0.15,0.059
29-10-2022,8.836271979,179.83,0,30.3,21.5,2022,10,302,0,25.9,0,0,0,179.83,179.71,179.8,8.836271979,8.8022861,8.827776925,0,0,0,0,0.12
30-10-2022,8.836130395,179.832,0,29.9,19.1,2022,10,303,0,24.5,0,0,0,179.83,179.68,179.71,8.836271979,8.793825026,8.8022861,0,0,0,0.002,0.152
31-10-2022,8.802291763,179.71,0,30.2,20.3,2022,10,304,0,25.25,0,0,0,179.832,179.83,179.741,8.836130395,8.836271979,8.810747174,0,0,0,-0.122,-0.12
01-11-2022,8.8022861,179.71,0.3,28.4,21.3,2022,11,305,0,24.85,1,0.3,0.3,179.71,179.83,179.771,8.802291763,8.836271979,8.819208247,0,0,0,0,-0.12
02-11-2022,8.819281871,179.77,0.1,28.9,22.1,2022,11,306,0,25.5,1,0.4,0.4,179.71,179.832,179.71,8.8022861,8.836130395,8.8022861,0.3,0,0,0.06,-0.062
03-11-2022,8.819281871,179.77,0.9,30.6,23.1,2022,11,307,0,26.85,1,1.3,1.3,179.77,179.71,179.68,8.819281871,8.802291763,8.793825026,0.1,0,0,0,0.06
04-11-2022,8.827669321,179.802,2.2,31,22.2,2022,11,308,0,26.6,1,3.2,3.5,179.77,179.71,179.83,8.819281871,8.8022861,8.836271979,0.9,0.3,0,0.032,0.092
05-11-2022,8.827776925,179.8,0.8,30.6,21.5,2022,11,309,0,26.05,1,3.9,4.3,179.802,179.77,179.83,8.827669321,8.819281871,8.836271979,2.2,0.1,0,-0.002,0.03
06-11-2022,8.827776925,179.8,0,31,21.7,2022,11,310,0,26.35,0,3,4.3,179.8,179.77,179.832,8.827776925,8.819281871,8.836130395,0.8,0.9,0,0,0.03
07-11-2022,8.836130395,179.832,0,31.3,21.4,2022,11,311,0,26.35,0,0.8,4.3,179.8,179.802,179.71,8.827776925,8.827669321,8.802291763,0,2.2,0,0.032,0.03
08-11-2022,8.827669321,179.802,0,31.4,22.1,2022,11,312,0,26.75,0,0,4,179.832,179.8,179.71,8.836130395,8.827776925,8.8022861,0,0.8,0.3,-0.03,0.002
09-11-2022,8.751604608,179.53,0,31,20.6,2022,11,313,0,25.8,0,0,3.9,179.802,179.8,179.77,8.827669321,8.827776925,8.819281871,0,0,0.1,-0.272,-0.27
10-11-2022,8.701296898,179.344,0,31.1,20.8,2022,11,314,0,25.95,0,0,3,179.53,179.832,179.77,8.751604608,8.836130395,8.819281871,0,0,0.9,-0.186,-0.488
11-11-2022,8.661064322,179.1,0,30.8,21.4,2022,11,315,0,26.1,0,0,0.8,179.344,179.802,179.802,8.701296898,8.827669321,8.827669321,0,0,2.2,-0.244,-0.702
12-11-2022,8.654313586,178.979,0,30.7,22.2,2022,11,316,0,26.45,0,0,0,179.1,179.53,179.8,8.661064322,8.751604608,8.827776925,0,0,0.8,-0.121,-0.551
13-11-2022,8.654313586,178.979,0.1,31.4,22.2,2022,11,317,0,26.8,1,0.1,0.1,178.979,179.344,179.8,8.654313586,8.701296898,8.827776925,0,0,0,0,-0.365
14-11-2022,8.650938218,178.918,0.1,31.1,22.4,2022,11,318,0,26.75,1,0.2,0.2,178.979,179.1,179.832,8.654313586,8.661064322,8.836130395,0.1,0,0,-0.061,-0.182
15-11-2022,8.652625902,178.948,0,30.9,21.1,2022,11,319,0,26,0,0.2,0.2,178.918,178.979,179.802,8.650938218,8.654313586,8.827669321,0.1,0,0,0.03,-0.031
16-11-2022,8.654194655,178.98,0,30.5,18.6,2022,11,320,0,24.55,0,0.1,0.2,178.948,178.979,179.53,8.652625902,8.654313586,8.751604608,0,0.1,0,0.032,0.001
17-11-2022,8.654194655,178.98,0,30.5,17.8,2022,11,321,0,24.15,0,0,0.2,178.98,178.918,179.344,8.654194655,8.650938218,8.701296898,0,0.1,0,0,0.062
18-11-2022,8.654194655,178.98,0,30.3,17.2,2022,11,322,0,23.75,0,0,0.2,178.98,178.948,179.1,8.654194655,8.652625902,8.661064322,0,0,0,0,0.032
19-11-2022,8.650938218,178.9176,0,28.8,18.6,2022,11,323,0,23.7,0,0,0.2,178.98,178.98,178.979,8.654194655,8.654194655,8.654313586,0,0,0,-0.0624,-0.0624
20-11-2022,8.651079802,178.92,0,28.7,18.5,2022,11,324,0,23.6,0,0,0.1,178.9176,178.98,178.979,8.650938218,8.654194655,8.654313586,0,0,0.1,0.0024,-0.06
21-11-2022,8.650938218,178.918,3,24.7,21.7,2022,11,325,0,23.2,1,3,3,178.92,178.98,178.918,8.651079802,8.654194655,8.650938218,0,0,0.1,-0.002,-0.062
22-11-2022,8.652495645,178.9176,1.3,30.1,21.5,2022,11,326,0,25.8,1,4.3,4.3,178.918,178.9176,178.948,8.650938218,8.650938218,8.652625902,3,0,0,-0.0004,0
23-11-2022,8.636241775,178.88712,3.2,29.2,22.3,2022,11,327,0,25.75,1,7.5,7.5,178.9176,178.92,178.98,8.652495645,8.651079802,8.654194655,1.3,0,0,-0.03048,-0.03288
24-11-2022,8.636241775,178.88712,1.3,30.1,22.4,2022,11,328,0,26.25,1,5.8,8.8,178.88712,178.918,178.98,8.636241775,8.650938218,8.654194655,3.2,3,0,0,-0.03088
25-11-2022,8.636241775,178.88712,2.3,30.3,22.7,2022,11,329,0,26.5,1,6.8,11.1,178.88712,178.9176,178.98,8.636241775,8.652495645,8.654194655,1.3,1.3,0,0,-0.03048
26-11-2022,8.621573648,178.85664,0.3,30.4,21.7,2022,11,330,0,26.05,1,3.9,11.4,178.88712,178.88712,178.9176,8.636241775,8.636241775,8.650938218,2.3,3.2,0,-0.03048,-0.03048
27-11-2022,8.621573648,178.85664,0,30,20.1,2022,11,331,0,25.05,0,2.6,11.4,178.85664,178.88712,178.92,8.621573648,8.636241775,8.651079802,0.3,1.3,0,0,-0.03048
28-11-2022,8.621630282,178.86,0,30,18.1,2022,11,332,0,24.05,0,0.3,8.4,178.85664,178.88712,178.918,8.621573648,8.636241775,8.650938218,0,2.3,3,0.00336,-0.02712
29-11-2022,8.621630282,178.86,0,29.8,17.4,2022,11,333,0,23.6,0,0,7.1,178.86,178.85664,178.9176,8.621630282,8.621573648,8.652495645,0,0.3,1.3,0,0.00336
30-11-2022,8.592180761,178.8,0,30.8,19.1,2022,11,334,0,24.95,0,0,3.9,178.86,178.85664,178.88712,8.621630282,8.621573648,8.636241775,0,0,3.2,-0.06,-0.05664
01-12-2022,8.606891363,178.826,0,30.1,20.1,2022,12,335,0,25.1,0,0,2.6,178.8,178.86,178.88712,8.592180761,8.621630282,8.636241775,0,0,1.3,0.026,-0.034
02-12-2022,8.577526793,178.7652,1.1,30.7,21.2,2022,12,336,0,25.95,1,1.1,1.4,178.826,178.86,178.88712,8.606891363,8.621630282,8.636241775,0,0,2.3,-0.0608,-0.0948
03-12-2022,8.533479938,178.67376,0.4,31.5,22.1,2022,12,337,0,26.8,1,1.5,1.5,178.7652,178.8,178.85664,8.577526793,8.592180761,8.621573648,1.1,0,0.3,-0.09144,-0.12624
04-12-2022,8.533564889,178.67,0.1,31.8,22,2022,12,338,0,26.9,1,1.6,1.6,178.67376,178.826,178.85664,8.533479938,8.606891363,8.621573648,0.4,0,0,-0.00376,-0.156
05-12-2022,8.504115369,178.61,0.1,30.7,21.5,2022,12,339,0,26.1,1,0.6,1.7,178.67,178.7652,178.86,8.533564889,8.577526793,8.621630282,0.1,1.1,0,-0.06,-0.1552
06-12-2022,8.495903483,178.58,0,31.2,20,2022,12,340,0,25.6,0,0.2,1.7,178.61,178.67376,178.86,8.504115369,8.533479938,8.621630282,0.1,0.4,0,-0.03,-0.09376
07-12-2022,8.471550995,178.49,0,31.3,20.4,2022,12,341,0,25.85,0,0.1,1.7,178.58,178.67,178.8,8.495903483,8.533564889,8.592180761,0,0.1,0,-0.09,-0.18
08-12-2022,8.471437728,178.491,0,29.5,19.7,2022,12,342,0,24.6,0,0,1.7,178.49,178.61,178.826,8.471550995,8.504115369,8.606891363,0,0.1,0,0.001,-0.119
09-12-2022,8.430590676,178.338,10.1,27.9,20.1,2022,12,343,0,24,1,10.1,10.7,178.491,178.58,178.7652,8.471437728,8.495903483,8.577526793,0,0,1.1,-0.153,-0.242
10-12-2022,8.422421266,178.308,29,26.1,20.2,2022,12,344,0,23.15,1,39.1,39.3,178.338,178.49,178.67376,8.430590676,8.471550995,8.533479938,10.1,0,0.4,-0.03,-0.182
11-12-2022,8.414251856,178.278,10.3,26.4,21.5,2022,12,345,0,23.95,1,49.4,49.5,178.308,178.491,178.67,8.422421266,8.471437728,8.533564889,29,0,0.1,-0.03,-0.213
12-12-2022,8.381574215,178.156,4.3,27.7,22,2022,12,346,0,24.85,1,43.6,53.7,178.278,178.338,178.61,8.414251856,8.430590676,8.504115369,10.3,10.1,0.1,-0.122,-0.182
13-12-2022,8.365235394,178.095,2,27.6,21.9,2022,12,347,0,24.75,1,16.6,55.7,178.156,178.308,178.58,8.381574215,8.422421266,8.495903483,4.3,29,0,-0.061,-0.213
14-12-2022,8.348896574,178.034,0.2,29.5,21.1,2022,12,348,0,25.3,1,6.5,55.9,178.095,178.278,178.49,8.365235394,8.414251856,8.471550995,2,10.3,0,-0.061,-0.244
15-12-2022,8.332566249,177.973,0,29.8,20.6,2022,12,349,0,25.2,0,2.2,55.9,178.034,178.156,178.491,8.348896574,8.381574215,8.471437728,0.2,4.3,0,-0.061,-0.183
16-12-2022,8.332566249,177.973,0,30.7,21.4,2022,12,350,0,26.05,0,0.2,45.8,177.973,178.095,178.338,8.332566249,8.365235394,8.430590676,0,2,10.1,0,-0.122
17-12-2022,8.324405333,177.942,0,30.1,21.8,2022,12,351,0,25.95,0,0,16.8,177.973,178.034,178.308,8.332566249,8.348896574,8.422421266,0,0.2,29,-0.031,-0.092
18-12-2022,8.340727164,178.003,0.1,29.2,20.8,2022,12,352,0,25,1,0.1,6.6,177.942,177.973,178.278,8.324405333,8.332566249,8.414251856,0,0,10.3,0.061,0.03
19-12-2022,8.316244418,177.912,0.3,28.3,20.3,2022,12,353,0,24.3,1,0.4,2.6,178.003,177.973,178.156,8.340727164,8.332566249,8.381574215,0.1,0,4.3,-0.091,-0.061
20-12-2022,8.308083503,177.881,0,29.1,18.9,2022,12,354,0,24,0,0.4,0.6,177.912,177.942,178.095,8.316244418,8.324405333,8.365235394,0.3,0,2,-0.031,-0.061
21-12-2022,8.267278927,177.729,0,29.1,18.3,2022,12,355,0,23.7,0,0.3,0.4,177.881,178.003,178.034,8.308083503,8.340727164,8.348896574,0,0.1,0.2,-0.152,-0.274
22-12-2022,8.242779191,177.637,0,29.2,18.4,2022,12,356,0,23.8,0,0,0.4,177.729,177.912,177.973,8.267278927,8.316244418,8.332566249,0,0.3,0,-0.092,-0.275
23-12-2022,8.218270961,177.546,0,29.5,18.8,2022,12,357,0,24.15,0,0,0.4,177.637,177.881,177.973,8.242779191,8.308083503,8.332566249,0,0,0,-0.091,-0.335
24-12-2022,8.19376273,177.455,0,29.5,17.5,2022,12,358,0,23.5,0,0,0.4,177.546,177.729,177.942,8.218270961,8.267278927,8.324405333,0,0,0,-0.091,-0.274
25-12-2022,8.18559332,177.424,0.2,30,19.3,2022,12,359,0,24.65,1,0.2,0.5,177.455,177.637,178.003,8.19376273,8.242779191,8.340727164,0,0,0.1,-0.031,-0.213
26-12-2022,8.177423909,177.394,1.2,29.9,22,2022,12,360,0,25.95,1,1.4,1.4,177.424,177.546,177.912,8.18559332,8.218270961,8.316244418,0.2,0,0.3,-0.03,-0.152
27-12-2022,8.144746268,177.272,0,31,22.6,2022,12,361,0,26.8,0,1.4,1.4,177.394,177.455,177.881,8.177423909,8.19376273,8.308083503,1.2,0,0,-0.122,-0.183
28-12-2022,8.120238038,177.18,0,31.8,21.5,2022,12,362,0,26.65,0,1.2,1.4,177.272,177.424,177.729,8.144746268,8.18559332,8.267278927,0,0.2,0,-0.092,-0.244
29-12-2022,8.095729807,177.089,0,32.1,22.3,2022,12,363,0,27.2,0,0,1.4,177.18,177.394,177.637,8.120238038,8.177423909,8.242779191,0,1.2,0,-0.091,-0.305
31-12-2022,8.063086146,176.967,0,32.4,21.6,2022,12,365,0,27,0,0,1.4,177.089,177.272,177.546,8.095729807,8.144746268,8.218270961,0,0,0,-0.122,-0.305
01-01-2023,8.038603401,176.875,0,32.3,22.9,2023,1,1,0,27.6,0,0,1.4,176.967,177.18,177.455,8.063086146,8.120238038,8.19376273,0,0,0,-0.092,-0.305
02-01-2023,8.005920096,174.01,0,31.6,20.7,2023,1,2,0,26.15,0,0,1.2,176.875,177.089,177.424,8.038603401,8.095729807,8.18559332,0,0,0.2,-2.865,-3.079
03-01-2023,7.956716744,176.571,0.1,31,21.1,2023,1,3,0,26.05,1,0.1,0.1,174.01,176.967,177.394,8.005920096,8.063086146,8.177423909,0,0,1.2,2.561,-0.396
05-01-2023,7.927878867,176.357,1.4,28.4,21.1,2023,1,5,0,24.75,1,1.5,1.5,176.571,176.875,177.272,7.956716744,8.038603401,8.144746268,0.1,0,0,-0.214,-0.518
06-01-2023,7.891423759,176.327,0.5,29.9,21.1,2023,1,6,0,25.5,1,2,2,176.357,174.01,177.18,7.927878867,8.005920096,8.120238038,1.4,0,0,-0.03,2.317
07-01-2023,7.875147235,176.266,0,30.1,20.1,2023,1,7,0,25.1,0,1.9,2,176.327,176.571,177.089,7.891423759,7.956716744,8.095729807,0.5,0.1,0,-0.061,-0.305
08-01-2023,7.81808879,176.052,0,28.5,15.7,2023,1,8,0,22.1,0,0.5,2,176.266,176.357,176.967,7.875147235,7.927878867,8.063086146,0,1.4,0,-0.214,-0.305
10-01-2023,7.777284214,175.9,0,30.1,15.9,2023,1,10,0,23,0,0,2,176.052,176.327,176.875,7.81808879,7.891423759,8.038603401,0,0.5,0,-0.152,-0.427
11-01-2023,7.738122015,175.748,0,30.9,18.6,2023,1,11,0,24.75,0,0,2,175.9,176.266,174.01,7.777284214,7.875147235,8.005920096,0,0,0,-0.152,-0.518
12-01-2023,7.707120731,175.626,0,31.8,18.1,2023,1,12,0,24.95,0,0,1.9,175.748,176.052,176.571,7.738122015,7.81808879,7.956716744,0,0,0.1,-0.122,-0.426
13-01-2023,7.677422022,175.504,0,32,18.4,2023,1,13,0,25.2,0,0,0.5,175.626,175.9,176.357,7.707120731,7.777284214,7.927878867,0,0,1.4,-0.122,-0.396
14-01-2023,7.649025889,175.382,0,31.8,18.5,2023,1,14,0,25.15,0,0,0,175.504,175.748,176.327,7.677422022,7.738122015,7.891423759,0,0,0.5,-0.122,-0.366
15-01-2023,7.613519395,175.23,0,32,18.7,2023,1,15,0,25.35,0,0,0,175.382,175.626,176.266,7.649025889,7.707120731,7.875147235,0,0,0,-0.152,-0.396
16-01-2023,7.585077954,175.108,0,32.3,19,2023,1,16,0,25.65,0,0,0,175.23,175.504,176.052,7.613519395,7.677422022,7.81808879,0,0,0,-0.122,-0.396
17-01-2023,7.549526153,174.955,0,31.7,18.5,2023,1,17,0,25.1,0,0,0,175.108,175.382,175.9,7.585077954,7.649025889,7.777284214,0,0,0,-0.153,-0.427
18-01-2023,7.514016827,174.803,0,31.9,19,2023,1,18,0,25.45,0,0,0,174.955,175.23,175.748,7.549526153,7.613519395,7.738122015,0,0,0,-0.152,-0.427
19-01-2023,7.478507502,174.65,0,31.4,19.2,2023,1,19,0,25.3,0,0,0,174.803,175.108,175.626,7.514016827,7.585077954,7.707120731,0,0,0,-0.153,-0.458
20-01-2023,7.450066061,174.528,0,31.2,19.6,2023,1,20,0,25.4,0,0,0,174.65,174.955,175.504,7.478507502,7.549526153,7.677422022,0,0,0,-0.122,-0.427
21-01-2023,7.41451426,174.376,0,31,19.6,2023,1,21,0,25.3,0,0,0,174.528,174.803,175.382,7.450066061,7.514016827,7.649025889,0,0,0,-0.152,-0.427
22-01-2023,7.400304867,174.315,0,31.7,20,2023,1,22,0,25.85,0,0,0,174.376,174.65,175.23,7.41451426,7.478507502,7.613519395,0,0,0,-0.061,-0.335
23-01-2023,7.364809699,174.163,0,31,19.4,2023,1,23,0,25.2,0,0,0,174.315,174.528,175.108,7.400304867,7.450066061,7.585077954,0,0,0,-0.152,-0.365
24-01-2023,7.329314532,174.01,0,31.3,18.8,2023,1,24,0,25.05,0,0,0,174.163,174.376,174.955,7.364809699,7.41451426,7.549526153,0,0,0,-0.153,-0.366
25-01-2023,7.293819365,173.858,0,30.9,17.6,2023,1,25,0,24.25,0,0,0,174.01,174.315,174.803,7.329314532,7.400304867,7.514016827,0,0,0,-0.152,-0.457
26-01-2023,7.258312871,173.706,0,31.7,19,2023,1,26,0,25.35,0,0,0,173.858,174.163,174.65,7.293819365,7.364809699,7.478507502,0,0,0,-0.152,-0.457
27-01-2023,7.22276107,173.553,0,32.1,18.3,2023,1,27,0,25.2,0,0,0,173.706,174.01,174.528,7.258312871,7.329314532,7.450066061,0,0,0,-0.153,-0.457
28-01-2023,7.180115899,173.37,0,32.4,19.6,2023,1,28,0,26,0,0,0,173.553,173.858,174.376,7.22276107,7.293819365,7.41451426,0,0,0,-0.183,-0.488
29-01-2023,7.144606574,173.218,0,32.1,18.9,2023,1,29,0,25.5,0,0,0,173.37,173.706,174.315,7.180115899,7.258312871,7.400304867,0,0,0,-0.152,-0.488
30-01-2023,7.101978393,173.035,0,31.4,20.7,2023,1,30,0,26.05,0,0,0,173.218,173.553,174.163,7.144606574,7.22276107,7.364809699,0,0,0,-0.183,-0.518
31-01-2023,7.080655807,172.944,0,32.5,20.5,2023,1,31,0,26.5,0,0,0,173.035,173.37,174.01,7.101978393,7.180115899,7.329314532,0,0,0,-0.091,-0.426
01-02-2023,7.045123828,172.791,0,32.3,19.8,2023,2,32,0,26.05,0,0,0,172.944,173.218,173.858,7.080655807,7.144606574,7.293819365,0,0,0,-0.153,-0.427
02-02-2023,7.002512637,172.608,0,32.1,20.5,2023,2,33,0,26.3,0,0,0,172.791,173.035,173.706,7.045123828,7.101978393,7.258312871,0,0,0,-0.183,-0.427
03-02-2023,6.95412481,172.395,0,32.2,19.9,2023,2,34,0,26.05,0,0,0,172.608,172.944,173.553,7.002512637,7.080655807,7.22276107,0,0,0,-0.213,-0.549
04-02-2023,6.913501462,172.212,0,32.8,20.2,2023,2,35,0,26.5,0,0,0,172.395,172.791,173.37,6.95412481,7.045123828,7.180115899,0,0,0,-0.183,-0.579
05-02-2023,6.866404883,171.999,0,33.1,19.8,2023,2,36,0,26.45,0,0,0,172.212,172.608,173.218,6.913501462,7.002512637,7.144606574,0,0,0,-0.213,-0.609
06-02-2023,6.819580145,171.785,0,32.9,19.5,2023,2,37,0,26.2,0,0,0,171.999,172.395,173.035,6.866404883,6.95412481,7.101978393,0,0,0,-0.214,-0.61
07-02-2023,6.779619411,171.602,0,33.9,21.5,2023,2,38,0,27.7,0,0,0,171.785,172.212,172.944,6.819580145,6.913501462,7.080655807,0,0,0,-0.183,-0.61
08-02-2023,6.71967831,171.328,0,34.5,21,2023,2,39,0,27.75,0,0,0,171.602,171.999,172.791,6.779619411,6.866404883,7.045123828,0,0,0,-0.274,-0.671
09-02-2023,6.66188929,171.054,0,34.7,20.9,2023,2,40,0,27.8,0,0,0,171.328,171.785,172.608,6.71967831,6.819580145,7.002512637,0,0,0,-0.274,-0.731
10-02-2023,6.593877888,170.749,0,34.9,21.6,2023,2,41,0,28.25,0,0,0,171.054,171.602,172.395,6.66188929,6.779619411,6.95412481,0,0,0,-0.305,-0.853
11-02-2023,6.534242609,170.475,0,35.5,20.6,2023,2,42,0,28.05,0,0,0,170.749,171.328,172.212,6.593877888,6.71967831,6.913501462,0,0,0,-0.274,-0.853
12-02-2023,6.494952984,170.292,0,35.9,20.7,2023,2,43,0,28.3,0,0,0,170.475,171.054,171.999,6.534242609,6.66188929,6.866404883,0,0,0,-0.183,-0.762
13-02-2023,6.468754238,170.17,0,34.6,20.4,2023,2,44,0,27.5,0,0,0,170.292,170.749,171.785,6.494952984,6.593877888,6.819580145,0,0,0,-0.122,-0.579
14-02-2023,6.429702474,169.987,0,33.5,19.3,2023,2,45,0,26.4,0,0,0,170.17,170.475,171.602,6.468754238,6.534242609,6.779619411,0,0,0,-0.183,-0.488
15-02-2023,6.398214141,169.835,0,35,18.5,2023,2,46,0,26.75,0,0,0,169.987,170.292,171.328,6.429702474,6.494952984,6.71967831,0,0,0,-0.152,-0.457
16-02-2023,6.365120242,169.682,0,35.2,19,2023,2,47,0,27.1,0,0,0,169.835,170.17,171.054,6.398214141,6.468754238,6.66188929,0,0,0,-0.153,-0.488
17-02-2023,6.326501727,169.499,0,34.6,19.9,2023,2,48,0,27.25,0,0,0,169.682,169.987,170.749,6.365120242,6.429702474,6.593877888,0,0,0,-0.183,-0.488
18-02-2023,6.288024796,169.316,0,33.7,20.1,2023,2,49,0,26.9,0,0,0,169.499,169.835,170.475,6.326501727,6.398214141,6.534242609,0,0,0,-0.183,-0.519
19-02-2023,6.198591699,168.89,0,34.3,20.3,2023,2,50,0,27.3,0,0,0,169.316,169.682,170.292,6.288024796,6.365120242,6.494952984,0,0,0,-0.426,-0.792
20-02-2023,6.166265187,168.737,0,35.1,22.6,2023,2,51,0,28.85,0,0,0,168.89,169.499,170.17,6.198591699,6.326501727,6.468754238,0,0,0,-0.153,-0.762
21-02-2023,6.166265187,168.737,0,36.3,21.7,2023,2,52,0,29,0,0,0,168.737,169.316,169.987,6.166265187,6.288024796,6.429702474,0,0,0,0,-0.579
22-02-2023,7.834110461,168.5848746,0,36.8,21.2,2023,2,53,0,29,0,0,0,168.737,168.89,169.835,6.166265187,6.198591699,6.398214141,0,0,0,-0.1521254,-0.3051254
23-02-2023,6.097183408,168.402,0,36.4,21.7,2023,2,54,0,29.05,0,0,0,168.5848746,168.737,169.682,7.834110461,6.166265187,6.365120242,0,0,0,-0.1828746,-0.335
24-02-2023,6.065610124,168.25,0,36.5,23.1,2023,2,55,0,29.8,0,0,0,168.402,168.737,169.499,6.097183408,6.166265187,6.326501727,0,0,0,-0.152,-0.487
26-02-2023,5.990242005,167.884,0,35.9,21.4,2023,2,57,0,28.65,0,0,0,168.25,168.5848746,169.316,6.065610124,7.834110461,6.288024796,0,0,0,-0.366,-0.7008746
27-02-2023,5.940223128,167.64,0,35.9,21.9,2023,2,58,0,28.9,0,0,0,167.884,168.402,168.89,5.990242005,6.097183408,6.198591699,0,0,0,-0.244,-0.762
28-02-2023,5.890430785,167.396,0,35.5,21.3,2023,2,59,0,28.4,0,0,0,167.64,168.25,168.737,5.940223128,6.065610124,6.166265187,0,0,0,-0.244,-0.854
01-03-2023,5.828156376,167.091,0,35.5,21.7,2023,3,60,0,28.6,0,0,0,167.396,167.884,168.737,5.890430785,5.990242005,6.166265187,0,0,0,-0.305,-0.793
02-03-2023,5.766782442,166.787,0,35.8,21.3,2023,3,61,0,28.55,0,0,0,167.091,167.64,168.5848746,5.828156376,5.940223128,7.834110461,0,0,0,-0.304,-0.853
03-03-2023,5.711570255,166.512,0,36.9,23,2023,3,62,0,29.95,0,0,0,166.787,167.396,168.402,5.766782442,5.890430785,6.097183408,0,0,0,-0.275,-0.884
04-03-2023,5.65053046,166.207,0,36.7,22.2,2023,3,63,0,29.45,0,0,0,166.512,167.091,168.25,5.711570255,5.828156376,6.065610124,0,0,0,-0.305,-0.884
05-03-2023,5.608009883,165.994,0,37.1,22.7,2023,3,64,0,29.9,0,0,0,166.207,166.787,167.884,5.65053046,5.766782442,5.990242005,0,0,0,-0.213,-0.793
06-03-2023,5.553582073,165.72,0,37.2,23.1,2023,3,65,0,30.15,0,0,0,165.994,166.512,167.64,5.608009883,5.711570255,5.940223128,0,0,0,-0.274,-0.792
07-03-2023,5.523467106,165.567,0,35.5,22,2023,3,66,0,28.75,0,0,0,165.72,166.207,167.396,5.553582073,5.65053046,5.890430785,0,0,0,-0.153,-0.64
08-03-2023,5.469498028,165.293,0,36.3,22.3,2023,3,67,0,29.3,0,0,0,165.567,165.994,167.091,5.523467106,5.608009883,5.828156376,0,0,0,-0.274,-0.701
09-03-2023,5.421755825,165.049,0,36,21.4,2023,3,68,0,28.7,0,0,0,165.293,165.72,166.787,5.469498028,5.553582073,5.766782442,0,0,0,-0.244,-0.671
10-03-2023,5.380144219,164.836,0,36.3,22.2,2023,3,69,0,29.25,0,0,0,165.049,165.567,166.512,5.421755825,5.523467106,5.711570255,0,0,0,-0.213,-0.731
11-03-2023,5.344634893,164.653,0,36.3,21.6,2023,3,70,0,28.95,0,0,0,164.836,165.293,166.207,5.380144219,5.469498028,5.65053046,0,0,0,-0.183,-0.64
12-03-2023,5.297509997,164.409,0,36.8,21.4,2023,3,71,0,29.1,0,0,0,164.653,165.049,165.994,5.344634893,5.421755825,5.608009883,0,0,0,-0.244,-0.64
13-03-2023,5.256442074,164.196,0,37.1,21.8,2023,3,72,0,29.45,0,0,0,164.409,164.836,165.72,5.297509997,5.380144219,5.553582073,0,0,0,-0.213,-0.64
14-03-2023,5.215510073,163.982,0,38.2,22,2023,3,73,0,30.1,0,0,0,164.196,164.653,165.567,5.256442074,5.344634893,5.523467106,0,0,0,-0.214,-0.671
15-03-2023,5.180663361,163.8,0,37,22.3,2023,3,74,0,29.65,0,0,0,163.982,164.409,165.293,5.215510073,5.297509997,5.469498028,0,0,0,-0.182,-0.609
16-03-2023,5.15743222,163.678,24.4,34.7,21.9,2023,3,75,0,28.3,1,24.4,24.4,163.8,164.196,165.049,5.180663361,5.256442074,5.421755825,0,0,0,-0.122,-0.518
17-03-2023,5.12280638,163.495,20.9,28.1,22.1,2023,3,76,0,25.1,1,45.3,45.3,163.678,163.982,164.836,5.15743222,5.215510073,5.380144219,24.4,0,0,-0.183,-0.487
18-03-2023,5.093991157,163.342,47.7,28.1,20.1,2023,3,77,0,24.1,1,93,93,163.495,163.8,164.653,5.12280638,5.180663361,5.344634893,20.9,0,0,-0.153,-0.458
19-03-2023,5.065334509,163.19,3.1,29.7,20.1,2023,3,78,0,24.9,1,71.7,96.1,163.342,163.678,164.409,5.093991157,5.15743222,5.297509997,47.7,24.4,0,-0.152,-0.488
20-03-2023,5.04240919,163.068,1.5,30.2,22.1,2023,3,79,0,26.15,1,52.3,97.6,163.19,163.495,164.196,5.065334509,5.12280638,5.256442074,3.1,20.9,0,-0.122,-0.427
21-03-2023,5.019619791,162.946,0,32.6,22.5,2023,3,80,0,27.55,0,4.6,97.6,163.068,163.342,163.982,5.04240919,5.093991157,5.215510073,1.5,47.7,0,-0.122,-0.396
22-03-2023,4.991133044,162.794,0,33.5,23.4,2023,3,81,0,28.45,0,1.5,97.6,162.946,163.19,163.8,5.019619791,5.065334509,5.180663361,0,3.1,0,-0.152,-0.396
23-03-2023,4.96280487,162.641,0,34.5,23.8,2023,3,82,0,29.15,0,0,73.2,162.794,163.068,163.678,4.991133044,5.04240919,5.15743222,0,1.5,24.4,-0.153,-0.427
24-03-2023,4.934516341,162.489,0,34.5,24.3,2023,3,83,0,29.4,0,0,52.3,162.641,162.946,163.495,4.96280487,5.019619791,5.12280638,0,0,20.9,-0.152,-0.457
25-03-2023,4.906375059,162.336,1.3,35.5,24.8,2023,3,84,0,30.15,1,1.3,5.9,162.489,162.794,163.342,4.934516341,4.991133044,5.093991157,0,0,47.7,-0.153,-0.458
26-03-2023,4.878270588,162.184,0.6,35.7,25,2023,3,85,0,30.35,1,1.9,3.4,162.336,162.641,163.19,4.906375059,4.96280487,5.065334509,1.3,0,3.1,-0.152,-0.457
27-03-2023,4.850313366,162.032,0.3,35.7,25.4,2023,3,86,0,30.55,1,2.2,2.2,162.184,162.489,163.068,4.878270588,4.934516341,5.04240919,0.6,0,1.5,-0.152,-0.457
28-03-2023,4.822392955,161.879,0,36.3,25.2,2023,3,87,0,30.75,0,0.9,2.2,162.032,162.336,162.946,4.850313366,4.906375059,5.019619791,0.3,1.3,0,-0.153,-0.457
29-03-2023,4.794631118,161.727,0.1,37.2,25.1,2023,3,88,0,31.15,1,0.4,2.3,161.879,162.184,162.794,4.822392955,4.878270588,4.991133044,0,0.6,0,-0.152,-0.457
30-03-2023,4.722768625,161.33064,0,37.3,24.6,2023,3,89,0,30.95,0,0.1,2.3,161.727,162.032,162.641,4.794631118,4.850313366,4.96280487,0.1,0.3,0,-0.39636,-0.70136
31-03-2023,4.706259904,161.2392,0.1,38.1,25.2,2023,3,90,0,31.65,1,0.2,2.4,161.33064,161.879,162.489,4.722768625,4.822392955,4.934516341,0,0,0,-0.09144,-0.6398
01-04-2023,4.695301284,161.17824,0.1,36,25.5,2023,4,91,0,30.75,1,0.2,1.2,161.2392,161.727,162.336,4.706259904,4.794631118,4.906375059,0.1,0.1,1.3,-0.06096,-0.54876
02-04-2023,4.684370981,161.11728,0,36.8,25.4,2023,4,92,0,31.1,0,0.2,0.6,161.17824,161.33064,162.184,4.695301284,4.722768625,4.878270588,0.1,0,0.6,-0.06096,-0.21336
03-04-2023,4.684370981,161.11728,0.2,37,25.6,2023,4,93,0,31.3,1,0.3,0.5,161.11728,161.2392,162.032,4.684370981,4.706259904,4.850313366,0,0.1,0.3,0,-0.12192
04-04-2023,4.684376645,161.117,0.1,37.4,26.4,2023,4,94,0,31.9,1,0.3,0.6,161.11728,161.17824,161.879,4.684370981,4.695301284,4.822392955,0.2,0.1,0,-0.00028,-0.06124
08-04-2023,4.6679642,161.026,0,38,24.4,2023,4,98,0,31.2,0,0.3,0.5,161.117,161.11728,161.727,4.684376645,4.684370981,4.794631118,0.1,0,0.1,-0.091,-0.09128
09-04-2023,4.657022571,160.965,0,39.3,24.2,2023,4,99,0,31.75,0,0.1,0.5,161.026,161.11728,161.33064,4.6679642,4.684370981,4.722768625,0,0.2,0,-0.061,-0.15228
10-04-2023,4.651551756,160.934,0,40.4,24.9,2023,4,100,0,32.65,0,0,0.4,160.965,161.117,161.2392,4.657022571,4.684376645,4.706259904,0,0.1,0.1,-0.031,-0.183
11-04-2023,4.618947739,160.752,0,41,25.2,2023,4,101,0,33.1,0,0,0.3,160.934,161.026,161.17824,4.651551756,4.6679642,4.695301284,0,0,0.1,-0.182,-0.274
12-04-2023,4.60264573,160.66,0,42.4,27.2,2023,4,102,0,34.8,0,0,0.3,160.752,160.965,161.11728,4.618947739,4.657022571,4.684370981,0,0,0,-0.092,-0.305
13-04-2023,4.591814536,160.599,0,42.4,28.9,2023,4,103,0,35.65,0,0,0.1,160.66,160.934,161.11728,4.60264573,4.651551756,4.684370981,0,0,0.2,-0.061,-0.335
14-04-2023,4.575622964,160.508,0,41.6,29.4,2023,4,104,0,35.5,0,0,0,160.599,160.752,161.117,4.591814536,4.618947739,4.684376645,0,0,0.1,-0.091,-0.244
15-04-2023,4.521798302,160.20288,0,40.8,27.2,2023,4,105,0,34,0,0,0,160.508,160.66,161.026,4.575622964,4.60264573,4.6679642,0,0,0,-0.30512,-0.45712
16-04-2023,4.521798302,160.203,0,40.8,28.2,2023,4,106,0,34.5,0,0,0,160.20288,160.599,160.965,4.521798302,4.591814536,4.657022571,0,0,0,0.00012,-0.396
18-04-2023,4.494996406,160.05,0,42.9,27.3,2023,4,108,0,35.1,0,0,0,160.203,160.508,160.934,4.521798302,4.575622964,4.651551756,0,0,0,-0.153,-0.458
19-04-2023,4.463018191,159.868,0,43.1,26.8,2023,4,109,0,34.95,0,0,0,160.05,160.20288,160.752,4.494996406,4.521798302,4.618947739,0,0,0,-0.182,-0.33488
23-04-2023,4.399373247,159.502,3.2,36.1,27.7,2023,4,113,0,31.9,1,3.2,3.2,159.868,160.203,160.66,4.463018191,4.521798302,4.60264573,0,0,0,-0.366,-0.701
24-04-2023,4.388794073,159.441,4.5,34.2,23.8,2023,4,114,0,29,1,7.7,7.7,159.502,160.05,160.599,4.399373247,4.494996406,4.591814536,3.2,0,0,-0.061,-0.609
25-04-2023,4.383504486,159.41,0.2,36.2,26.8,2023,4,115,0,31.5,1,7.9,7.9,159.441,159.868,160.508,4.388794073,4.463018191,4.575622964,4.5,0,0,-0.031,-0.458
26-04-2023,4.367746161,159.319,0,35,24,2023,4,116,0,29.5,0,4.7,7.9,159.41,159.502,160.20288,4.383504486,4.399373247,4.521798302,0.2,3.2,0,-0.091,-0.183
27-04-2023,4.357240611,159.258,0.2,37.4,25.7,2023,4,117,0,31.55,1,0.4,8.1,159.319,159.441,160.203,4.367746161,4.388794073,4.521798302,0,4.5,0,-0.061,-0.183
28-04-2023,4.346735061,159.197,6.2,33.4,25.5,2023,4,118,0,29.45,1,6.4,14.3,159.258,159.41,160.05,4.357240611,4.383504486,4.494996406,0.2,0.2,0,-0.061,-0.213
02-05-2023,4.336229511,159.136,3.6,31.7,24.6,2023,5,122,0,28.15,1,10,17.9,159.197,159.319,159.868,4.346735061,4.367746161,4.463018191,6.2,0,0,-0.061,-0.183
03-05-2023,4.336229511,159.136,0.7,32.3,24.2,2023,5,123,0,28.25,1,10.5,15.4,159.136,159.258,159.502,4.336229511,4.357240611,4.399373247,3.6,0.2,3.2,0,-0.122
07-05-2023,4.325760773,159.075,0,35.1,27.5,2023,5,127,0,31.3,0,4.3,10.9,159.136,159.197,159.441,4.336229511,4.346735061,4.388794073,0.7,6.2,4.5,-0.061,-0.122
09-05-2023,4.325760773,159.075,5,35.6,28.3,2023,5,129,0,31.95,1,5.7,15.7,159.075,159.136,159.41,4.325760773,4.336229511,4.383504486,0,3.6,0.2,0,-0.061
13-05-2023,4.315328846,159.014,0,42.4,27,2023,5,133,0,34.7,0,5,15.7,159.075,159.136,159.319,4.325760773,4.336229511,4.367746161,5,0.7,0,-0.061,-0.122
15-05-2023,4.315328846,159.014,0,41.8,30.1,2023,5,135,0,35.95,0,5,15.5,159.014,159.075,159.258,4.315328846,4.325760773,4.357240611,0,0,0.2,0,-0.061
16-05-2023,4.310112883,158.984,0,41.8,28,2023,5,136,0,34.9,0,0,9.3,159.014,159.075,159.197,4.315328846,4.325760773,4.346735061,0,5,6.2,-0.03,-0.091
17-05-2023,4.30489692,158.953,0,42,27.8,2023,5,137,0,34.9,0,0,5.7,158.984,159.014,159.136,4.310112883,4.315328846,4.336229511,0,0,3.6,-0.031,-0.061
18-05-2023,4.299680957,158.923,0,41,28.5,2023,5,138,0,34.75,0,0,5,158.953,159.014,159.136,4.30489692,4.315328846,4.336229511,0,0,0.7,-0.03,-0.091
19-05-2023,4.294464994,158.892,0.2,40,29,2023,5,139,0,34.5,1,0.2,5.2,158.923,158.984,159.075,4.299680957,4.310112883,4.325760773,0,0,0,-0.031,-0.092
20-05-2023,4.284033067,158.831,0.9,39.2,28.9,2023,5,140,0,34.05,1,1.1,1.1,158.892,158.953,159.075,4.294464994,4.30489692,4.325760773,0.2,0,5,-0.061,-0.122
21-05-2023,4.278817104,158.801,1.9,39,28.5,2023,5,141,0,33.75,1,3,3,158.831,158.923,159.014,4.284033067,4.299680957,4.315328846,0.9,0,0,-0.03,-0.122
22-05-2023,4.273635121,158.77,1.6,39,25.5,2023,5,142,0,32.25,1,4.4,4.6,158.801,158.892,159.014,4.278817104,4.294464994,4.315328846,1.9,0.2,0,-0.031,-0.122
23-05-2023,4.268424822,158.74,0,40.9,28.1,2023,5,143,0,34.5,0,3.5,4.6,158.77,158.831,158.984,4.273635121,4.284033067,4.310112883,1.6,0.9,0,-0.03,-0.091
24-05-2023,4.263271156,158.709,0.2,39.6,29.6,2023,5,144,0,34.6,1,1.8,4.8,158.74,158.801,158.953,4.268424822,4.278817104,4.30489692,0,1.9,0,-0.031,-0.092
25-05-2023,4.263271156,158.709,7.5,37.5,30.4,2023,5,145,0,33.95,1,7.7,12.3,158.709,158.77,158.923,4.263271156,4.273635121,4.299680957,0.2,1.6,0,0,-0.061
26-05-2023,4.257522836,158.679,0,40.1,30.8,2023,5,146,0,35.45,0,7.7,12.1,158.709,158.74,158.892,4.263271156,4.268424822,4.294464994,7.5,0,0.2,-0.03,-0.061
27-05-2023,4.257522836,158.679,0,40,27.9,2023,5,147,0,33.95,0,7.5,11.2,158.679,158.709,158.831,4.257522836,4.263271156,4.284033067,0,0.2,0.9,0,-0.03
28-05-2023,4.258089173,158.679,0,41.4,29.4,2023,5,148,0,35.4,0,0,9.3,158.679,158.709,158.801,4.257522836,4.263271156,4.278817104,0,7.5,1.9,0,-0.03
29-05-2023,4.258089173,158.679,6.2,37,28.7,2023,5,149,0,32.85,1,6.2,13.9,158.679,158.679,158.77,4.258089173,4.257522836,4.273635121,0,0,1.6,0,0
30-05-2023,4.258089173,158.679,7.2,32.8,26.9,2023,5,150,0,29.85,1,13.4,21.1,158.679,158.679,158.74,4.258089173,4.257522836,4.268424822,6.2,0,0,0,0
31-05-2023,4.258089173,158.679,0.1,39.8,28,2023,5,151,0,33.9,1,13.5,21,158.679,158.679,158.709,4.258089173,4.258089173,4.263271156,7.2,0,0.2,0,0
01-06-2023,4.25290719,158.648,0.3,39.4,30.7,2023,6,152,1,35.05,1,7.6,13.8,158.679,158.679,158.709,4.258089173,4.258089173,4.263271156,0.1,6.2,7.5,-0.031,-0.031
02-06-2023,4.25290719,158.648,0,41.9,28.9,2023,6,153,1,35.4,0,0.4,13.8,158.648,158.679,158.679,4.25290719,4.258089173,4.257522836,0.3,7.2,0,0,-0.031
03-06-2023,4.25290719,158.648,0,41,28,2023,6,154,1,34.5,0,0.3,13.8,158.648,158.679,158.679,4.25290719,4.258089173,4.257522836,0,0.1,0,0,-0.031
04-06-2023,4.25290719,158.648,0,38.6,31.7,2023,6,155,1,35.15,0,0,13.8,158.648,158.648,158.679,4.25290719,4.25290719,4.258089173,0,0.3,0,0,0
05-06-2023,4.25290719,158.648,0,39.3,29.1,2023,6,156,1,34.2,0,0,7.6,158.648,158.648,158.679,4.25290719,4.25290719,4.258089173,0,0,6.2,0,0
06-06-2023,4.25290719,158.648,0,40,30.1,2023,6,157,1,35.05,0,0,0.4,158.648,158.648,158.679,4.25290719,4.25290719,4.258089173,0,0,7.2,0,0
07-06-2023,4.25290719,158.648,0.1,40.9,31.6,2023,6,158,1,36.25,1,0.1,0.4,158.648,158.648,158.679,4.25290719,4.25290719,4.258089173,0,0,0.1,0,0
08-06-2023,4.25290719,158.648,0.1,40.8,31,2023,6,159,1,35.9,1,0.2,0.2,158.648,158.648,158.648,4.25290719,4.25290719,4.25290719,0.1,0,0.3,0,0
09-06-2023,4.25290719,158.648,0,41,30.8,2023,6,160,1,35.9,0,0.2,0.2,158.648,158.648,158.648,4.25290719,4.25290719,4.25290719,0.1,0,0,0,0
10-06-2023,4.25290719,158.649,0,39.8,31,2023,6,161,1,35.4,0,0.1,0.2,158.648,158.648,158.648,4.25290719,4.25290719,4.25290719,0,0.1,0,0.001,0.001
11-06-2023,4.247725207,158.618,0,39.3,30.8,2023,6,162,1,35.05,0,0,0.2,158.649,158.648,158.648,4.25290719,4.25290719,4.25290719,0,0.1,0,-0.031,-0.03
12-06-2023,4.247725207,158.618,0,39.7,30.4,2023,6,163,1,35.05,0,0,0.2,158.618,158.648,158.648,4.247725207,4.25290719,4.25290719,0,0,0,0,-0.03
13-06-2023,4.242543224,158.587,0,40.1,31.3,2023,6,164,1,35.7,0,0,0.2,158.618,158.649,158.648,4.247725207,4.25290719,4.25290719,0,0,0,-0.031,-0.062
15-06-2023,4.237361241,158.557,0,40,31.5,2023,6,166,1,35.75,0,0,0.1,158.587,158.618,158.648,4.242543224,4.247725207,4.25290719,0,0,0.1,-0.03,-0.061
16-06-2023,4.237361241,158.557,0,40.4,31.4,2023,6,167,1,35.9,0,0,0,158.557,158.618,158.648,4.237361241,4.247725207,4.25290719,0,0,0.1,0,-0.061
17-06-2023,4.232235892,158.52,0,40.2,31.5,2023,6,168,1,35.85,0,0,0,158.557,158.587,158.648,4.237361241,4.242543224,4.25290719,0,0,0,-0.037,-0.067
18-06-2023,4.232179258,158.526,0.2,40.2,32.1,2023,6,169,1,36.15,1,0.2,0.2,158.52,158.557,158.649,4.232235892,4.237361241,4.25290719,0,0,0,0.006,-0.031
19-06-2023,4.232235892,158.52,0.3,39,31.3,2023,6,170,1,35.15,1,0.5,0.5,158.526,158.557,158.618,4.232179258,4.237361241,4.247725207,0.2,0,0,-0.006,-0.037
20-06-2023,4.227138859,158.49,6.4,38.8,27.5,2023,6,171,1,33.15,1,6.9,6.9,158.52,158.52,158.618,4.232235892,4.232235892,4.247725207,0.3,0,0,-0.03,-0.03
21-06-2023,4.227138859,158.5,6.8,37.9,26.6,2023,6,172,1,32.25,1,13.5,13.7,158.49,158.526,158.587,4.227138859,4.232179258,4.242543224,6.4,0.2,0,0.01,-0.026
22-06-2023,4.226997275,158.496,1.8,36.8,26.5,2023,6,173,1,31.65,1,15,15.5,158.5,158.52,158.557,4.227138859,4.232235892,4.237361241,6.8,0.3,0,-0.004,-0.024
23-06-2023,4.221758658,158.47,3,34.7,26.4,2023,6,174,1,30.55,1,11.6,18.5,158.496,158.49,158.557,4.226997275,4.227138859,4.237361241,1.8,6.4,0,-0.026,-0.02
24-06-2023,4.221758658,158.47,1.6,33.9,26.3,2023,6,175,1,30.1,1,6.4,20.1,158.47,158.5,158.52,4.221758658,4.227138859,4.232235892,3,6.8,0,0,-0.03
25-06-2023,4.216661626,158.44,0.2,35.1,27.8,2023,6,176,1,31.45,1,4.8,20.1,158.47,158.496,158.526,4.221758658,4.226997275,4.232179258,1.6,1.8,0.2,-0.03,-0.056
26-06-2023,4.216706933,158.435,1.6,33.3,26.7,2023,6,177,1,30,1,3.4,21.4,158.44,158.47,158.52,4.216661626,4.221758658,4.232235892,0.2,3,0.3,-0.005,-0.035
27-06-2023,4.216831527,158.43504,0.2,35.8,28.4,2023,6,178,1,32.1,1,2,15.2,158.435,158.47,158.49,4.216706933,4.221758658,4.227138859,1.6,1.6,6.4,4.00E-05,-0.03496
28-06-2023,4.211281425,158.40456,0,36.1,28.3,2023,6,179,1,32.2,0,1.8,8.4,158.43504,158.44,158.5,4.216831527,4.216661626,4.227138859,0.2,0.2,6.8,-0.03048,-0.03544
29-06-2023,4.211281425,158.40456,0,36,28.8,2023,6,180,1,32.4,0,0.2,6.6,158.40456,158.435,158.496,4.211281425,4.216706933,4.226997275,0,1.6,1.8,0,-0.03044
30-06-2023,4.206410928,158.37408,0.2,37.1,27.4,2023,6,181,1,32.25,1,0.2,3.8,158.40456,158.43504,158.47,4.211281425,4.216831527,4.221758658,0,0.2,3,-0.03048,-0.06096
01-07-2023,4.206467561,158.37408,0.6,37.5,28.9,2023,7,182,1,33.2,1,0.8,2.8,158.37408,158.40456,158.47,4.206410928,4.211281425,4.221758658,0.2,0,1.6,0,-0.03048
02-07-2023,4.206416591,158.374,0.6,37.3,27.4,2023,7,183,1,32.35,1,1.4,3.2,158.37408,158.40456,158.44,4.206467561,4.211281425,4.216661626,0.6,0,0.2,-8.00E-05,-0.03056
03-07-2023,4.20127142,158.344,5.2,36.5,26.8,2023,7,184,1,31.65,1,6.4,6.8,158.374,158.37408,158.435,4.206416591,4.206410928,4.216706933,0.6,0.2,1.6,-0.03,-0.03008
04-07-2023,4.20127142,158.344,8,36.8,26.9,2023,7,185,1,31.85,1,13.8,14.6,158.344,158.37408,158.43504,4.20127142,4.206467561,4.216831527,5.2,0.6,0.2,0,-0.03008
05-07-2023,4.196126249,158.313,0.6,35.3,27.5,2023,7,186,1,31.4,1,13.8,15.2,158.344,158.374,158.40456,4.20127142,4.206416591,4.211281425,8,0.6,0,-0.031,-0.061
06-07-2023,4.196126249,158.313,5.3,31.3,27,2023,7,187,1,29.15,1,13.9,20.5,158.313,158.344,158.40456,4.196126249,4.20127142,4.211281425,0.6,5.2,0,0,-0.031
07-07-2023,4.190981078,158.283,0.2,34.8,27.4,2023,7,188,1,31.1,1,6.1,20.5,158.313,158.344,158.37408,4.196126249,4.20127142,4.206410928,5.3,8,0.2,-0.03,-0.061
08-07-2023,4.185796263,158.25216,0.3,34.9,28.1,2023,7,189,1,31.5,1,5.8,20.2,158.283,158.313,158.37408,4.190981078,4.196126249,4.206467561,0.2,0.6,0.6,-0.03084,-0.06084
09-07-2023,4.185835907,158.252,0.5,36.4,27.9,2023,7,190,1,32.15,1,1,20.1,158.25216,158.313,158.374,4.185796263,4.196126249,4.206416591,0.3,5.3,0.6,-0.00016,-0.061
10-07-2023,4.175602199,158.1912,2,33.8,27.5,2023,7,191,1,30.65,1,2.8,16.9,158.252,158.283,158.344,4.185835907,4.190981078,4.20127142,0.5,0.2,5.2,-0.0608,-0.0918
11-07-2023,4.165408134,158.13024,2.5,34.9,27.4,2023,7,192,1,31.15,1,5,11.4,158.1912,158.25216,158.344,4.175602199,4.185796263,4.20127142,2,0.3,8,-0.06096,-0.12192
12-07-2023,4.155214069,158.06928,0.2,35.2,27.4,2023,7,193,1,31.3,1,4.7,11,158.13024,158.252,158.313,4.165408134,4.185835907,4.196126249,2.5,0.5,0.6,-0.06096,-0.18272
13-07-2023,4.155100802,158.069,1,36.5,27.1,2023,7,194,1,31.8,1,3.7,6.7,158.06928,158.1912,158.313,4.155214069,4.175602199,4.196126249,0.2,2,5.3,-0.00028,-0.1222
14-07-2023,4.14487842,158.008,0.8,35.9,27,2023,7,195,1,31.45,1,2,7.3,158.069,158.13024,158.283,4.155100802,4.165408134,4.190981078,1,2.5,0.2,-0.061,-0.12224
15-07-2023,4.124348706,157.8864,1.6,35.3,26.7,2023,7,196,1,31,1,3.4,8.6,158.008,158.06928,158.25216,4.14487842,4.155214069,4.185796263,0.8,0.2,0.3,-0.1216,-0.18288
16-07-2023,4.124433657,157.886,0.5,33.4,27,2023,7,197,1,30.2,1,2.9,8.6,157.8864,158.069,158.252,4.124348706,4.155100802,4.185835907,1.6,1,0.5,-0.0004,-0.183
17-07-2023,4.114284899,157.825,0.8,33.6,26.9,2023,7,198,1,30.25,1,2.9,7.4,157.886,158.008,158.1912,4.124433657,4.14487842,4.175602199,0.5,0.8,2,-0.061,-0.183
18-07-2023,4.099146713,157.734,28.4,27.4,25.5,2023,7,199,1,26.45,1,29.7,33.3,157.825,157.8864,158.13024,4.114284899,4.124348706,4.165408134,0.8,1.6,2.5,-0.091,-0.1524
19-07-2023,4.088952648,157.67304,15.2,31,25.1,2023,7,200,1,28.05,1,44.4,48.3,157.734,157.886,158.06928,4.099146713,4.124433657,4.155214069,28.4,0.5,0.2,-0.06096,-0.21296
20-07-2023,4.099061762,157.734,39.6,27.1,25.3,2023,7,201,1,26.2,1,83.2,86.9,157.67304,157.825,158.069,4.088952648,4.114284899,4.155100802,15.2,0.8,1,0.06096,-0.091
21-07-2023,4.078764247,157.612,15.4,28.2,24.8,2023,7,202,1,26.5,1,70.2,101.5,157.734,157.734,158.008,4.099061762,4.099146713,4.14487842,39.6,28.4,0.8,-0.122,-0.122
22-07-2023,4.048459557,157.4292,2.1,31,26.2,2023,7,203,1,28.6,1,57.1,102,157.612,157.67304,157.8864,4.078764247,4.088952648,4.124348706,15.4,15.2,1.6,-0.1828,-0.24384
23-07-2023,4.033451629,157.33776,11.7,31.2,25.5,2023,7,204,1,28.35,1,29.2,113.2,157.4292,157.734,157.886,4.048459557,4.099061762,4.124433657,2.1,39.6,0.5,-0.09144,-0.39624
24-07-2023,4.0184437,157.24632,14.4,30,25.4,2023,7,205,1,27.7,1,28.2,126.8,157.33776,157.612,157.825,4.033451629,4.078764247,4.114284899,11.7,15.4,0.8,-0.09144,-0.36568
25-07-2023,4.008249635,157.18536,38,28.4,24.9,2023,7,206,1,26.65,1,64.1,136.4,157.24632,157.4292,157.734,4.0184437,4.048459557,4.099146713,14.4,2.1,28.4,-0.06096,-0.24384
26-07-2023,4.008303437,157.185,27.7,28.4,24.9,2023,7,207,1,26.65,1,80.1,148.9,157.18536,157.33776,157.67304,4.008249635,4.033451629,4.088952648,38,11.7,15.2,-0.00036,-0.15276
27-07-2023,3.998296264,157.124,23.6,27.5,24.6,2023,7,208,1,26.05,1,89.3,132.9,157.185,157.24632,157.734,4.008303437,4.0184437,4.099061762,27.7,14.4,39.6,-0.061,-0.12232
28-07-2023,3.98828909,157.063,0.4,32.3,25.9,2023,7,209,1,29.1,1,51.7,117.9,157.124,157.18536,157.612,3.998296264,4.008249635,4.078764247,23.6,38,15.4,-0.061,-0.12236
29-07-2023,3.97327833,156.972,0.1,32.6,26.9,2023,7,210,1,29.75,1,24.1,115.9,157.063,157.185,157.4292,3.98828909,4.008303437,4.048459557,0.4,27.7,2.1,-0.091,-0.213
30-07-2023,3.968322881,156.94152,0.4,32.2,26.8,2023,7,211,1,29.5,1,0.9,104.6,156.972,157.124,157.33776,3.97327833,3.998296264,4.033451629,0.1,23.6,11.7,-0.03048,-0.18248
31-07-2023,3.968294565,156.94152,1.2,31.6,26.6,2023,7,212,1,29.1,1,1.7,91.4,156.94152,157.063,157.24632,3.968322881,3.98828909,4.0184437,0.4,0.4,14.4,0,-0.12148
01-08-2023,3.968311555,156.942,0.3,32.3,27.3,2023,8,213,1,29.8,1,1.9,53.7,156.94152,156.972,157.18536,3.968294565,3.97327833,4.008249635,1.2,0.1,38,0.00048,-0.03
02-08-2023,3.968311555,156.942,0,32.4,27.4,2023,8,214,1,29.9,0,1.5,26,156.942,156.94152,157.185,3.968311555,3.968322881,4.008303437,0.3,0.4,27.7,0,0.00048
03-08-2023,3.96334478,156.911,0,32.9,27,2023,8,215,1,29.95,0,0.3,2.4,156.942,156.94152,157.124,3.968311555,3.968294565,3.998296264,0,1.2,23.6,-0.031,-0.03052
04-08-2023,3.96334478,156.911,0.7,33.8,26.7,2023,8,216,1,30.25,1,0.7,2.7,156.911,156.942,157.063,3.96334478,3.968311555,3.98828909,0,0.3,0.4,0,-0.031
05-08-2023,3.97327833,156.972,0.1,34.6,27,2023,8,217,1,30.8,1,0.8,2.7,156.911,156.942,156.972,3.96334478,3.968311555,3.97327833,0.7,0,0.1,0.061,0.03
06-08-2023,3.97327833,156.972,0,34.2,27,2023,8,218,1,30.6,0,0.8,2.3,156.972,156.911,156.94152,3.97327833,3.96334478,3.968322881,0.1,0,0.4,0,0.061
07-08-2023,3.98333081,157.03296,0,33.6,27.5,2023,8,219,1,30.55,0,0.1,1.1,156.972,156.911,156.94152,3.97327833,3.96334478,3.968294565,0,0.7,1.2,0.06096,0.12196
08-08-2023,3.983285503,157.033,0,34.3,27.6,2023,8,220,1,30.95,0,0,0.8,157.03296,156.972,156.942,3.98333081,3.97327833,3.968311555,0,0.1,0.3,4.00E-05,0.061
09-08-2023,4.00329985,157.155,0,34.6,27.7,2023,8,221,1,31.15,0,0,0.8,157.033,156.972,156.942,3.983285503,3.97327833,3.968311555,0,0,0,0.122,0.183
10-08-2023,4.068564518,157.55112,1.9,34.7,27,2023,8,222,1,30.85,1,1.9,2.7,157.155,157.03296,156.911,4.00329985,3.98333081,3.96334478,0,0,0,0.39612,0.51816
11-08-2023,4.068652301,157.551,0.8,35.4,27,2023,8,223,1,31.2,1,2.7,2.8,157.55112,157.033,156.911,4.068564518,3.983285503,3.96334478,1.9,0,0.7,-0.00012,0.518
12-08-2023,4.124348706,157.8864,0.3,33.9,27.1,2023,8,224,1,30.5,1,3,3,157.551,157.155,156.972,4.068652301,4.00329985,3.97327833,0.8,0,0.1,0.3354,0.7314
13-08-2023,4.124433657,157.886,0.1,34.8,27.6,2023,8,225,1,31.2,1,1.2,3.1,157.8864,157.55112,156.972,4.124348706,4.068564518,3.97327833,0.3,1.9,0,-0.0004,0.33488
14-08-2023,4.129544848,157.917,0.4,33,28.1,2023,8,226,1,30.55,1,0.8,3.5,157.886,157.551,157.03296,4.124433657,4.068652301,3.98333081,0.1,0.8,0,0.031,0.366
15-08-2023,4.170434374,158.161,1.5,33.7,26.6,2023,8,227,1,30.15,1,2,5,157.917,157.8864,157.033,4.129544848,4.124348706,3.983285503,0.4,0.3,0,0.244,0.2746
16-08-2023,4.196126249,158.313,1,34.4,27.8,2023,8,228,1,31.1,1,2.9,6,158.161,157.886,157.155,4.170434374,4.124433657,4.00329985,1.5,0.1,0,0.152,0.427
17-08-2023,4.211363544,158.405,3.5,33.7,26.9,2023,8,229,1,30.3,1,6,7.6,158.313,157.917,157.55112,4.196126249,4.129544848,4.068564518,1,0.4,1.9,0.092,0.488
18-08-2023,4.25290719,158.648,2.8,31.9,26.1,2023,8,230,1,29,1,7.3,9.6,158.405,158.161,157.551,4.211363544,4.170434374,4.068652301,3.5,1.5,0.8,0.243,0.487
19-08-2023,4.273578488,158.77032,2.8,32.9,25.5,2023,8,231,1,29.2,1,9.1,12.1,158.648,158.313,157.8864,4.25290719,4.196126249,4.124348706,2.8,1,0.3,0.12232,0.45732
20-08-2023,4.273635121,158.77,0,34.5,26.2,2023,8,232,1,30.35,0,5.6,12,158.77032,158.405,157.886,4.273578488,4.211363544,4.124433657,2.8,3.5,0.1,-0.00032,0.365
21-08-2023,4.289249031,158.862,0.1,34.8,27.4,2023,8,233,1,31.1,1,2.9,11.7,158.77,158.648,157.917,4.273635121,4.25290719,4.129544848,0,2.8,0.4,0.092,0.214
22-08-2023,4.310112883,158.984,0.6,33.1,27.1,2023,8,234,1,30.1,1,0.7,10.8,158.862,158.77032,158.161,4.289249031,4.273578488,4.170434374,0.1,2.8,1.5,0.122,0.21368
23-08-2023,4.320544809,159.045,0,35.1,27.2,2023,8,235,1,31.15,0,0.7,9.8,158.984,158.77,158.313,4.310112883,4.273635121,4.196126249,0.6,0,1,0.061,0.275
24-08-2023,4.320544809,159.045,0,35.4,27.5,2023,8,236,1,31.45,0,0.6,6.3,159.045,158.862,158.405,4.320544809,4.289249031,4.211363544,0,0.1,3.5,0,0.183
25-08-2023,4.330976736,159.106,0.4,35.2,27.7,2023,8,237,1,31.45,1,0.4,3.9,159.045,158.984,158.648,4.320544809,4.310112883,4.25290719,0,0.6,2.8,0.061,0.122
26-08-2023,4.346735061,159.197,0,33.8,27,2023,8,238,1,30.4,0,0.4,1.1,159.106,159.045,158.77032,4.330976736,4.320544809,4.273578488,0.4,0,2.8,0.091,0.152
27-08-2023,4.341482286,159.167,0.2,36.2,27.2,2023,8,239,1,31.7,1,0.6,1.3,159.197,159.045,158.77,4.346735061,4.320544809,4.273635121,0,0,0,-0.03,0.122
28-08-2023,4.346720902,159.19704,0,35.7,28.1,2023,8,240,1,31.9,0,0.2,1.2,159.167,159.106,158.862,4.341482286,4.330976736,4.289249031,0.2,0.4,0.1,0.03004,0.09104
29-08-2023,4.372970619,159.34944,0.2,36.1,27.4,2023,8,241,1,31.75,1,0.4,0.8,159.19704,159.197,158.984,4.346720902,4.346735061,4.310112883,0,0,0.6,0.1524,0.15244
30-08-2023,4.372998936,159.349,0.2,36.2,27.1,2023,8,242,1,31.65,1,0.4,1,159.34944,159.167,159.045,4.372970619,4.341482286,4.320544809,0.2,0.2,0,-0.00044,0.182
31-08-2023,4.388794073,159.441,0.2,35.9,26.3,2023,8,243,1,31.1,1,0.6,1.2,159.349,159.19704,159.045,4.372998936,4.346720902,4.320544809,0.2,0,0,0.092,0.24396
01-09-2023,4.409952421,159.563,2.9,36.9,27.2,2023,9,244,1,32.05,1,3.3,3.7,159.441,159.34944,159.106,4.388794073,4.372970619,4.330976736,0.2,0.2,0.4,0.122,0.21356
02-09-2023,4.436400356,159.7152,14.6,35,26.5,2023,9,245,1,30.75,1,17.7,18.3,159.563,159.349,159.197,4.409952421,4.372998936,4.346735061,2.9,0.2,0,0.1522,0.3662
03-09-2023,4.436400356,159.7152,15.5,33.7,25.2,2023,9,246,1,29.45,1,33,33.6,159.7152,159.441,159.167,4.436400356,4.388794073,4.341482286,14.6,0.2,0.2,0,0.2742
04-09-2023,4.436400356,159.715,31.9,29.9,24.6,2023,9,247,1,27.25,1,62,65.5,159.7152,159.563,159.19704,4.436400356,4.409952421,4.346720902,15.5,2.9,0,-0.0002,0.152
05-09-2023,4.436400356,159.715,22.8,29.1,24.9,2023,9,248,1,27,1,70.2,88.1,159.715,159.7152,159.34944,4.436400356,4.436400356,4.372970619,31.9,14.6,0.2,0,-0.0002
06-09-2023,4.45225779,159.80664,3.8,32.6,25.6,2023,9,249,1,29.1,1,58.5,91.7,159.715,159.7152,159.349,4.436400356,4.436400356,4.372998936,22.8,15.5,0.2,0.09164,0.09144
07-09-2023,4.452371057,159.80664,0,33.1,27.1,2023,9,250,1,30.1,0,26.6,91.5,159.80664,159.715,159.441,4.45225779,4.436400356,4.388794073,3.8,31.9,0.2,0,0.09164
08-09-2023,4.452371057,159.807,0,32.8,26.8,2023,9,251,1,29.8,0,3.8,88.6,159.80664,159.715,159.563,4.452371057,4.436400356,4.409952421,0,22.8,2.9,0.00036,0.092
09-09-2023,4.457694624,159.837,0.1,33.8,27.2,2023,9,252,1,30.5,1,0.1,74.1,159.807,159.80664,159.7152,4.452371057,4.45225779,4.436400356,0,3.8,14.6,0.03,0.03036
10-09-2023,4.463018191,159.868,3.9,33.9,26.7,2023,9,253,1,30.3,1,4,62.5,159.837,159.80664,159.7152,4.457694624,4.452371057,4.436400356,0.1,0,15.5,0.031,0.06136
11-09-2023,4.473665326,159.929,8.4,31.1,26.3,2023,9,254,1,28.7,1,12.4,39,159.868,159.807,159.715,4.463018191,4.452371057,4.436400356,3.9,0,31.9,0.061,0.122
12-09-2023,4.478988893,159.959,0.3,30.4,27.1,2023,9,255,1,28.75,1,12.6,16.5,159.929,159.837,159.715,4.473665326,4.457694624,4.436400356,8.4,0.1,22.8,0.03,0.122
13-09-2023,4.478988893,159.95904,0,33,27.1,2023,9,256,1,30.05,0,8.7,12.7,159.959,159.868,159.80664,4.478988893,4.463018191,4.45225779,0.3,3.9,3.8,4.00E-05,0.09104
14-09-2023,4.478988893,159.959,0.9,31.2,26.3,2023,9,257,1,28.75,1,1.2,13.6,159.95904,159.929,159.80664,4.478988893,4.473665326,4.452371057,0,8.4,0,-4.00E-05,0.03
15-09-2023,4.478988893,159.959,0,33.2,26.3,2023,9,258,1,29.75,0,0.9,13.6,159.959,159.959,159.807,4.478988893,4.478988893,4.452371057,0.9,0.3,0,0,0
16-09-2023,4.48431246,159.98952,0.1,33.9,26.6,2023,9,259,1,30.25,1,1,13.6,159.959,159.95904,159.837,4.478988893,4.478988893,4.457694624,0,0,0.1,0.03052,0.03048
17-09-2023,4.48431246,159.98952,0,34,25.9,2023,9,260,1,29.95,0,0.1,9.7,159.98952,159.959,159.868,4.48431246,4.478988893,4.463018191,0.1,0.9,3.9,0,0.03052
18-09-2023,4.48431246,159.99,0,34.5,27.7,2023,9,261,1,31.1,0,0.1,1.3,159.98952,159.959,159.929,4.48431246,4.478988893,4.473665326,0,0,8.4,0.00048,0.031
19-09-2023,4.478988893,159.95904,0,34.9,27.5,2023,9,262,1,31.2,0,0,1,159.99,159.98952,159.959,4.48431246,4.48431246,4.478988893,0,0.1,0.3,-0.03096,-0.03048
20-09-2023,4.478988893,159.959,0.1,34.4,27.6,2023,9,263,1,31,1,0.1,1.1,159.95904,159.98952,159.95904,4.478988893,4.48431246,4.478988893,0,0,0,-4.00E-05,-0.03052
21-09-2023,4.478988893,159.959,1.4,34.1,26.1,2023,9,264,1,30.1,1,1.5,1.6,159.959,159.99,159.959,4.478988893,4.48431246,4.478988893,0.1,0,0.9,0,-0.031
22-09-2023,4.478988893,159.959,2,31.8,25.6,2023,9,265,1,28.7,1,3.5,3.6,159.959,159.95904,159.959,4.478988893,4.478988893,4.478988893,1.4,0,0,0,-4.00E-05
23-09-2023,4.473665326,159.92856,11,33.5,25.5,2023,9,266,1,29.5,1,14.4,14.5,159.959,159.959,159.98952,4.478988893,4.478988893,4.48431246,2,0.1,0.1,-0.03044,-0.03044
24-09-2023,4.473665326,159.929,7.4,33.2,25,2023,9,267,1,29.1,1,20.4,21.9,159.92856,159.959,159.98952,4.473665326,4.478988893,4.48431246,11,1.4,0,0.00044,-0.03
25-09-2023,4.473665326,159.929,6.6,32.2,25.2,2023,9,268,1,28.7,1,25,28.5,159.929,159.959,159.99,4.473665326,4.478988893,4.48431246,7.4,2,0,0,-0.03
26-09-2023,4.473665326,159.929,4.2,33.5,25.4,2023,9,269,1,29.45,1,18.2,32.7,159.929,159.92856,159.95904,4.473665326,4.473665326,4.478988893,6.6,11,0,0,0.00044
27-09-2023,4.48431246,159.98952,0.4,34.4,24.9,2023,9,270,1,29.65,1,11.2,33,159.929,159.929,159.959,4.473665326,4.473665326,4.478988893,4.2,7.4,0.1,0.06052,0.06052
28-09-2023,4.48431246,159.99,10.9,34,25.4,2023,9,271,1,29.7,1,15.5,42.5,159.98952,159.929,159.959,4.48431246,4.473665326,4.478988893,0.4,6.6,1.4,0.00048,0.061
29-09-2023,4.48431246,159.99,5.3,33.2,25.1,2023,9,272,1,29.15,1,16.6,45.8,159.99,159.929,159.959,4.48431246,4.473665326,4.478988893,10.9,4.2,2,0,0.061
30-09-2023,4.48431246,160.02,6.3,33.1,24.7,2023,9,273,1,28.9,1,22.5,41.1,159.99,159.98952,159.92856,4.48431246,4.48431246,4.473665326,5.3,0.4,11,0.03,0.03048
01-10-2023,4.48431246,160.02,1.2,33.4,26.2,2023,10,274,0,29.8,1,12.8,34.9,160.02,159.99,159.929,4.48431246,4.48431246,4.473665326,6.3,10.9,7.4,0,0.03
02-10-2023,4.494996406,160.05,1.3,32,25.7,2023,10,275,0,28.85,1,8.8,29.6,160.02,159.99,159.929,4.48431246,4.48431246,4.473665326,1.2,5.3,6.6,0.03,0.06
03-10-2023,4.494996406,160.05,11,34.4,25.9,2023,10,276,0,30.15,1,13.5,36.4,160.05,160.02,159.929,4.494996406,4.48431246,4.473665326,1.3,6.3,4.2,0,0.03
04-10-2023,4.494996406,160.05,0,35.1,26.2,2023,10,277,0,30.65,0,12.3,36,160.05,160.02,159.98952,4.494996406,4.48431246,4.48431246,11,1.2,0.4,0,0.03
05-10-2023,4.505691679,160.11144,0,35,26.3,2023,10,278,0,30.65,0,11,25.1,160.05,160.05,159.99,4.494996406,4.494996406,4.48431246,0,1.3,10.9,0.06144,0.06144
06-10-2023,4.505717164,160.111,0,35.2,25.7,2023,10,279,0,30.45,0,0,19.8,160.11144,160.05,159.99,4.505691679,4.494996406,4.48431246,0,11,5.3,-0.00044,0.061
07-10-2023,4.527014265,160.23336,0,35.3,25.3,2023,10,280,0,30.3,0,0,13.5,160.111,160.05,160.02,4.505717164,4.494996406,4.48431246,0,0,6.3,0.12236,0.18336
08-10-2023,4.527155849,160.233,0,35,24.7,2023,10,281,0,29.85,0,0,12.3,160.23336,160.11144,160.02,4.527014265,4.505691679,4.48431246,0,0,1.2,-0.00036,0.12156
09-10-2023,4.548637009,160.35528,0,35.7,25.6,2023,10,282,0,30.65,0,0,11,160.233,160.111,160.05,4.527155849,4.505717164,4.494996406,0,0,1.3,0.12228,0.24428
10-10-2023,4.575622964,160.50768,0.1,35.2,25.3,2023,10,283,0,30.25,1,0.1,0.1,160.35528,160.23336,160.05,4.548637009,4.527014265,4.494996406,0,0,11,0.1524,0.27432
11-10-2023,4.597211727,160.6296,0.1,36,25.9,2023,10,284,0,30.95,1,0.2,0.2,160.50768,160.233,160.05,4.575622964,4.527155849,4.494996406,0.1,0,0,0.12192,0.3966
12-10-2023,4.602620245,160.66008,0.2,36.3,25.5,2023,10,285,0,30.9,1,0.4,0.4,160.6296,160.35528,160.11144,4.597211727,4.548637009,4.505691679,0.1,0,0,0.03048,0.3048
13-10-2023,4.586394692,160.56864,0.4,35.4,25,2023,10,286,0,30.2,1,0.7,0.8,160.66008,160.50768,160.111,4.602620245,4.575622964,4.505717164,0.2,0.1,0,-0.09144,0.06096
14-10-2023,4.559431391,160.41624,0,36.8,25.9,2023,10,287,0,31.35,0,0.6,0.8,160.56864,160.6296,160.23336,4.586394692,4.597211727,4.527014265,0.4,0.1,0,-0.1524,-0.21336
15-10-2023,4.537859617,160.29432,0.7,35.5,26.3,2023,10,288,0,30.9,1,1.1,1.5,160.41624,160.66008,160.233,4.559431391,4.602620245,4.527155849,0,0.2,0,-0.12192,-0.36576
16-10-2023,4.537879439,160.294,0.4,35.3,25.8,2023,10,289,0,30.55,1,1.1,1.9,160.29432,160.56864,160.35528,4.537859617,4.586394692,4.548637009,0.7,0.4,0,-0.00032,-0.27464
17-10-2023,4.521634064,160.20288,0,35.7,25.6,2023,10,290,0,30.65,0,1.1,1.8,160.294,160.41624,160.50768,4.537879439,4.559431391,4.575622964,0.4,0,0.1,-0.09112,-0.21336
18-10-2023,4.516423764,160.1724,0,36.3,25.7,2023,10,291,0,31,0,0.4,1.7,160.20288,160.29432,160.6296,4.521634064,4.537859617,4.597211727,0,0.7,0.1,-0.03048,-0.12192
19-10-2023,4.516423764,160.1724,0.1,35.1,25.5,2023,10,292,0,30.3,1,0.1,1.6,160.1724,160.294,160.66008,4.516423764,4.537879439,4.602620245,0,0.4,0.2,0,-0.1216
20-10-2023,4.516437923,160.172,1.3,35.6,25.7,2023,10,293,0,30.65,1,1.4,2.5,160.1724,160.20288,160.56864,4.516423764,4.521634064,4.586394692,0.1,0,0.4,-0.0004,-0.03088
21-10-2023,4.511156831,160.14192,0,35.1,24.6,2023,10,294,0,29.85,0,1.4,2.5,160.172,160.1724,160.41624,4.516437923,4.516423764,4.559431391,1.3,0,0,-0.03008,-0.03048
22-10-2023,4.511077543,160.142,0,35.7,24.9,2023,10,295,0,30.3,0,1.3,1.8,160.14192,160.1724,160.29432,4.511156831,4.516423764,4.537859617,0,0.1,0.7,8.00E-05,-0.0304
23-10-2023,4.505691679,160.11144,0,34.5,22.5,2023,10,296,0,28.5,0,0,1.4,160.142,160.172,160.294,4.511077543,4.516437923,4.537879439,0,1.3,0.4,-0.03056,-0.06056
24-10-2023,4.505691679,160.11144,0,34,22.5,2023,10,297,0,28.25,0,0,1.4,160.11144,160.14192,160.20288,4.505691679,4.511156831,4.521634064,0,0,0,0,-0.03048
25-10-2023,4.505717164,160.111,0,34,22,2023,10,298,0,28,0,0,1.4,160.11144,160.142,160.1724,4.505691679,4.511077543,4.516423764,0,0,0,-0.00044,-0.031
26-10-2023,4.495016228,160.05048,0,34,21.2,2023,10,299,0,27.6,0,0,1.3,160.111,160.11144,160.1724,4.505717164,4.505691679,4.516423764,0,0,0.1,-0.06052,-0.06096
27-10-2023,4.489636027,160.02,0,33.9,21.4,2023,10,300,0,27.65,0,0,0,160.05048,160.11144,160.172,4.495016228,4.505691679,4.516437923,0,0,1.3,-0.03048,-0.09144
28-10-2023,4.489636027,160.02,1.2,31.1,23.3,2023,10,301,0,27.2,1,1.2,1.2,160.02,160.111,160.14192,4.489636027,4.505717164,4.511156831,0,0,0,0,-0.091
29-10-2023,4.489636027,160.02,1.1,32.6,24.3,2023,10,302,0,28.45,1,2.3,2.3,160.02,160.05048,160.142,4.489636027,4.495016228,4.511077543,1.2,0,0,0,-0.03048
30-10-2023,4.489636027,160.02,2.2,31,23.3,2023,10,303,0,27.15,1,4.5,4.5,160.02,160.02,160.11144,4.489636027,4.489636027,4.505691679,1.1,0,0,0,0
31-10-2023,4.48431246,159.98952,0.4,32.5,23.7,2023,10,304,0,28.1,1,3.7,4.9,160.02,160.02,160.11144,4.489636027,4.489636027,4.505691679,2.2,1.2,0,-0.03048,-0.03048
01-11-2023,4.484255826,159.98952,0,32.5,23.3,2023,11,305,0,27.9,0,2.6,4.9,159.98952,160.02,160.111,4.48431246,4.489636027,4.505717164,0.4,1.1,0,0,-0.03048
02-11-2023,4.478875626,159.95904,0.5,32.2,23.8,2023,11,306,0,28,1,0.9,5.4,159.98952,160.02,160.05048,4.484255826,4.489636027,4.495016228,0,2.2,0,-0.03048,-0.06096
03-11-2023,4.478875626,159.95904,0.6,32.5,23,2023,11,307,0,27.75,1,1.1,6,159.95904,159.98952,160.02,4.478875626,4.48431246,4.489636027,0.5,0.4,0,0,-0.03048
04-11-2023,4.478988893,159.95904,1.3,32,23.8,2023,11,308,0,27.9,1,2.4,6.1,159.95904,159.98952,160.02,4.478875626,4.484255826,4.489636027,0.6,0,1.2,0,-0.03048
05-11-2023,4.473665326,159.92856,7.4,32.6,23.8,2023,11,309,0,28.2,1,9.3,12.4,159.95904,159.95904,160.02,4.478988893,4.478875626,4.489636027,1.3,0.5,1.1,-0.03048,-0.03048
06-11-2023,4.473778593,159.92856,9.5,30.2,23.2,2023,11,310,0,26.7,1,18.2,19.7,159.92856,159.95904,160.02,4.473665326,4.478875626,4.489636027,7.4,0.6,2.2,0,-0.03048
07-11-2023,4.473778593,159.92856,10,31,23,2023,11,311,0,27,1,26.9,29.3,159.92856,159.95904,159.98952,4.473778593,4.478988893,4.48431246,9.5,1.3,0.4,0,-0.03048
08-11-2023,4.473665326,159.929,25.2,30.7,22.7,2023,11,312,0,26.7,1,44.7,54.5,159.92856,159.92856,159.98952,4.473778593,4.473665326,4.484255826,10,7.4,0,0.00044,0.00044
09-11-2023,4.473665326,159.929,0.3,30.9,22.9,2023,11,313,0,26.9,1,35.5,54.3,159.929,159.92856,159.95904,4.473665326,4.473778593,4.478875626,25.2,9.5,0.5,0,0.00044
10-11-2023,4.468341759,159.898,0,31.8,22.4,2023,11,314,0,27.1,0,25.5,53.7,159.929,159.92856,159.95904,4.473665326,4.473778593,4.478875626,0.3,10,0.6,-0.031,-0.03056
11-11-2023,4.468341759,159.898,0,32,21.9,2023,11,315,0,26.95,0,0.3,52.4,159.898,159.929,159.95904,4.468341759,4.473665326,4.478988893,0,25.2,1.3,0,-0.031
12-11-2023,4.468398392,159.89808,0,32.7,22.4,2023,11,316,0,27.55,0,0,45,159.898,159.929,159.92856,4.468341759,4.473665326,4.473665326,0,0.3,7.4,8.00E-05,-0.03092
13-11-2023,4.468398392,159.89808,0,32.3,22.3,2023,11,317,0,27.3,0,0,35.5,159.89808,159.898,159.92856,4.468398392,4.468341759,4.473778593,0,0,9.5,0,8.00E-05
14-11-2023,4.468398392,159.89808,0,30.7,23.1,2023,11,318,0,26.9,0,0,25.5,159.89808,159.898,159.92856,4.468398392,4.468341759,4.473778593,0,0,10,0,8.00E-05
15-11-2023,4.468341759,159.898,0.7,31.8,23.2,2023,11,319,0,27.5,1,0.7,1,159.89808,159.89808,159.929,4.468398392,4.468398392,4.473665326,0,0,25.2,-8.00E-05,-8.00E-05
16-11-2023,4.463018191,159.8676,0,32.7,21.5,2023,11,320,0,27.1,0,0.7,0.7,159.898,159.89808,159.929,4.468341759,4.468398392,4.473665326,0.7,0,0.3,-0.0304,-0.03048
17-11-2023,4.463018191,159.8676,0,31.9,21.9,2023,11,321,0,26.9,0,0.7,0.7,159.8676,159.89808,159.898,4.463018191,4.468398392,4.468341759,0,0,0,0,-0.03048
18-11-2023,4.463018191,159.8676,0.2,32.9,23.8,2023,11,322,0,28.35,1,0.2,0.9,159.8676,159.898,159.898,4.463018191,4.468341759,4.468341759,0,0.7,0,0,-0.0304
19-11-2023,4.463018191,159.8676,0.1,33.2,22.8,2023,11,323,0,28,1,0.3,1,159.8676,159.8676,159.89808,4.463018191,4.463018191,4.468398392,0.2,0,0,0,0
20-11-2023,4.457637991,159.83712,6.3,32.5,22.7,2023,11,324,0,27.6,1,6.6,7.3,159.8676,159.8676,159.89808,4.463018191,4.463018191,4.468398392,0.1,0,0,-0.03048,-0.03048
21-11-2023,4.457637991,159.83712,0.5,32.3,22.6,2023,11,325,0,27.45,1,6.9,7.8,159.83712,159.8676,159.89808,4.457637991,4.463018191,4.468398392,6.3,0.2,0,0,-0.03048
22-11-2023,4.457637991,159.83712,2.9,30.7,23.9,2023,11,326,0,27.3,1,9.7,10,159.83712,159.8676,159.898,4.457637991,4.463018191,4.468341759,0.5,0.1,0.7,0,-0.03048
23-11-2023,4.457694624,159.837,2.6,28.8,23.1,2023,11,327,0,25.95,1,6,12.6,159.83712,159.83712,159.8676,4.457637991,4.457637991,4.463018191,2.9,6.3,0,-0.00012,-0.00012
24-11-2023,4.45225779,159.80664,4.5,28.6,22.9,2023,11,328,0,25.75,1,10,17.1,159.837,159.83712,159.8676,4.457694624,4.457637991,4.463018191,2.6,0.5,0,-0.03036,-0.03048
25-11-2023,4.45225779,159.80664,0.1,31,21.2,2023,11,329,0,26.1,1,7.2,17,159.80664,159.83712,159.8676,4.45225779,4.457637991,4.463018191,4.5,2.9,0.2,0,-0.03048
26-11-2023,4.447160757,159.77616,0.6,30.9,22.4,2023,11,330,0,26.65,1,5.2,17.5,159.80664,159.837,159.8676,4.45225779,4.457694624,4.463018191,0.1,2.6,0.1,-0.03048,-0.06084
27-11-2023,4.447160757,159.77616,0.4,31.3,22.1,2023,11,331,0,26.7,1,1.1,11.6,159.77616,159.80664,159.83712,4.447160757,4.45225779,4.457637991,0.6,4.5,6.3,0,-0.03048
28-11-2023,4.44704749,159.77616,0,31.9,22,2023,11,332,0,26.95,0,1,11.1,159.77616,159.80664,159.83712,4.447160757,4.45225779,4.457637991,0.4,0.1,0.5,0,-0.03048
29-11-2023,4.44704749,159.77616,0.2,32.2,22.6,2023,11,333,0,27.4,1,0.6,8.4,159.77616,159.77616,159.83712,4.44704749,4.447160757,4.457637991,0,0.6,2.9,0,0
30-11-2023,4.44704749,159.776,1.2,32.6,22.4,2023,11,334,0,27.5,1,1.4,7,159.77616,159.77616,159.837,4.44704749,4.447160757,4.457694624,0.2,0.4,2.6,-0.00016,-0.00016
01-12-2023,4.383504486,159.4104,0,32.5,21.2,2023,12,335,0,26.85,0,1.4,2.5,159.776,159.77616,159.80664,4.44704749,4.44704749,4.45225779,1.2,0,4.5,-0.3656,-0.36576
02-12-2023,4.362493386,159.28848,0,34.5,21,2023,12,336,0,27.75,0,1.2,2.4,159.4104,159.77616,159.80664,4.383504486,4.44704749,4.45225779,0,0.2,0.1,-0.12192,-0.48768
03-12-2023,4.357113185,159.258,2.4,33.1,23.3,2023,12,337,0,28.2,1,2.4,4.2,159.28848,159.776,159.77616,4.362493386,4.44704749,4.447160757,0,1.2,0.6,-0.03048,-0.518
04-12-2023,4.357113185,159.258,6.8,29.2,23.4,2023,12,338,0,26.3,1,9.2,10.6,159.258,159.4104,159.77616,4.357113185,4.383504486,4.447160757,2.4,0,0.4,0,-0.1524
05-12-2023,4.357113185,159.258,54.6,23.6,22.9,2023,12,339,0,23.25,1,63.8,65.2,159.258,159.28848,159.77616,4.357113185,4.362493386,4.44704749,6.8,0,0,0,-0.03048
06-12-2023,4.346635952,159.19704,1.1,28.1,22.6,2023,12,340,0,25.35,1,62.5,66.1,159.258,159.258,159.77616,4.357113185,4.357113185,4.44704749,54.6,2.4,0.2,-0.06096,-0.06096
07-12-2023,4.346735061,159.19704,0,28.7,21.1,2023,12,341,0,24.9,0,55.7,64.9,159.19704,159.258,159.776,4.346635952,4.357113185,4.44704749,1.1,6.8,1.2,0,-0.06096
08-12-2023,4.346720902,159.19704,0,29,20.9,2023,12,342,0,24.95,0,1.1,64.9,159.19704,159.258,159.4104,4.346735061,4.357113185,4.383504486,0,54.6,0,0,-0.06096
09-12-2023,4.346635952,159.19704,0,29.4,20.9,2023,12,343,0,25.15,0,0,64.9,159.19704,159.19704,159.28848,4.346720902,4.346635952,4.362493386,0,1.1,0,0,0
10-12-2023,4.346635952,159.19704,0,28.7,20.1,2023,12,344,0,24.4,0,0,62.5,159.19704,159.19704,159.258,4.346635952,4.346735061,4.357113185,0,0,2.4,0,0
11-12-2023,4.346635952,159.19704,0,28.2,19.3,2023,12,345,0,23.75,0,0,55.7,159.19704,159.19704,159.258,4.346635952,4.346720902,4.357113185,0,0,6.8,0,0
12-12-2023,4.346635952,159.19704,0,28.4,18.9,2023,12,346,0,23.65,0,0,1.1,159.19704,159.19704,159.258,4.346635952,4.346635952,4.357113185,0,0,54.6,0,0
13-12-2023,4.346635952,159.19704,0,28.4,18.9,2023,12,347,0,23.65,0,0,0,159.19704,159.19704,159.19704,4.346635952,4.346635952,4.346635952,0,0,1.1,0,0
14-12-2023,4.346735061,159.197,0,28.2,18.7,2023,12,348,0,23.45,0,0,0,159.19704,159.19704,159.19704,4.346635952,4.346635952,4.346735061,0,0,0,-4.00E-05,-4.00E-05
15-12-2023,4.357226453,159.258,0,28.3,18.9,2023,12,349,0,23.6,0,0,0,159.197,159.19704,159.19704,4.346735061,4.346635952,4.346720902,0,0,0,0.061,0.06096
16-12-2023,4.362493386,159.28848,0,27,20.9,2023,12,350,0,23.95,0,0,0,159.258,159.19704,159.19704,4.357226453,4.346635952,4.346635952,0,0,0,0.03048,0.09144
17-12-2023,4.362493386,159.28848,0.7,28.3,21.1,2023,12,351,0,24.7,1,0.7,0.7,159.28848,159.197,159.19704,4.362493386,4.346735061,4.346635952,0,0,0,0,0.09148
18-12-2023,4.357240611,159.258,0.2,27.9,20,2023,12,352,0,23.95,1,0.9,0.9,159.28848,159.258,159.19704,4.362493386,4.357226453,4.346635952,0.7,0,0,-0.03048,0
19-12-2023,4.362493386,159.28848,0,27.4,19.7,2023,12,353,0,23.55,0,0.9,0.9,159.258,159.28848,159.19704,4.357240611,4.362493386,4.346635952,0.2,0,0,0.03048,0
20-12-2023,4.362493386,159.28848,0,27.3,19.2,2023,12,354,0,23.25,0,0.2,0.9,159.28848,159.28848,159.19704,4.362493386,4.362493386,4.346635952,0,0.7,0,0,0
21-12-2023,4.372970619,159.34944,0,28.2,18.8,2023,12,355,0,23.5,0,0,0.9,159.28848,159.258,159.197,4.362493386,4.357240611,4.346735061,0,0.2,0,0.06096,0.09144
22-12-2023,4.372970619,159.34944,0,28.1,17.8,2023,12,356,0,22.95,0,0,0.9,159.34944,159.28848,159.258,4.372970619,4.362493386,4.357226453,0,0,0,0,0.06096
23-12-2023,4.372970619,159.34944,0,28.9,19.7,2023,12,357,0,24.3,0,0,0.9,159.34944,159.28848,159.28848,4.372970619,4.362493386,4.362493386,0,0,0,0,0.06096
24-12-2023,4.372998936,159.34944,0,28.8,19.1,2023,12,358,0,23.95,0,0,0.2,159.34944,159.34944,159.28848,4.372970619,4.372970619,4.362493386,0,0,0.7,0,0
25-12-2023,4.372998936,159.349,0,28.9,19,2023,12,359,0,23.95,0,0,0,159.34944,159.34944,159.258,4.372998936,4.372970619,4.357240611,0,0,0.2,-0.00044,-0.00044
26-12-2023,4.372998936,159.349,0,29.1,18,2023,12,360,0,23.55,0,0,0,159.349,159.34944,159.28848,4.372998936,4.372970619,4.362493386,0,0,0,0,-0.00044
27-12-2023,4.378251711,159.38,0,29.3,18.4,2023,12,361,0,23.85,0,0,0,159.349,159.34944,159.28848,4.372998936,4.372998936,4.362493386,0,0,0,0.031,0.03056
29-12-2023,4.378251711,159.38,0.1,29.3,18.6,2023,12,363,0,23.95,1,0.1,0.1,159.38,159.349,159.34944,4.378251711,4.372998936,4.372970619,0,0,0,0,0.031
30-12-2023,4.378067652,159.37992,0,29.2,19,2023,12,364,0,24.1,0,0.1,0.1,159.38,159.349,159.34944,4.378251711,4.372998936,4.372970619,0.1,0,0,-8.00E-05,0.03092
31-12-2023,4.378251711,159.38,0,29.4,18.5,2023,12,365,0,23.95,0,0.1,0.1,159.37992,159.38,159.34944,4.378067652,4.378251711,4.372970619,0,0,0,8.00E-05,0
01-01-2024,4.378251711,159.38,0.1,29.6,18.6,2024,1,1,0,24.1,1,0.1,0.2,159.38,159.38,159.34944,4.378251711,4.378251711,4.372998936,0,0.1,0,0,0
02-01-2024,4.372998936,159.349,0,29.7,18.8,2024,1,2,0,24.25,0,0.1,0.2,159.38,159.37992,159.349,4.378251711,4.378067652,4.372998936,0.1,0,0,-0.031,-0.03092
03-01-2024,4.372998936,159.349,0,29.8,19.6,2024,1,3,0,24.7,0,0.1,0.2,159.349,159.38,159.349,4.372998936,4.378251711,4.372998936,0,0,0,0,-0.031
04-01-2024,4.372998936,159.349,0,30,20.1,2024,1,4,0,25.05,0,0,0.2,159.349,159.38,159.38,4.372998936,4.378251711,4.378251711,0,0.1,0,0,-0.031
05-01-2024,4.372998936,159.349,0,30.3,19.3,2024,1,5,0,24.8,0,0,0.1,159.349,159.349,159.38,4.372998936,4.372998936,4.378251711,0,0,0.1,0,0
06-01-2024,4.367746161,159.319,0,30.6,18.8,2024,1,6,0,24.7,0,0,0.1,159.349,159.349,159.37992,4.372998936,4.372998936,4.378067652,0,0,0,-0.03,-0.03
07-01-2024,4.372998936,159.349,0,29.7,18.7,2024,1,7,0,24.2,0,0,0.1,159.319,159.349,159.38,4.367746161,4.372998936,4.378251711,0,0,0,0.03,0
08-01-2024,4.372998936,159.349,0,30.3,19,2024,1,8,0,24.65,0,0,0,159.349,159.349,159.38,4.372998936,4.372998936,4.378251711,0,0,0.1,0,0
09-01-2024,4.367746161,159.319,0,30.7,19.5,2024,1,9,0,25.1,0,0,0,159.349,159.319,159.349,4.372998936,4.367746161,4.372998936,0,0,0,-0.03,0
10-01-2024,4.362493386,159.288,0,30.4,19.7,2024,1,10,0,25.05,0,0,0,159.319,159.349,159.349,4.367746161,4.372998936,4.372998936,0,0,0,-0.031,-0.061
11-01-2024,4.351987836,159.228,0,31.4,19.6,2024,1,11,0,25.5,0,0,0,159.288,159.349,159.349,4.362493386,4.372998936,4.372998936,0,0,0,-0.06,-0.121
12-01-2024,4.330976736,159.106,0.1,31.7,20.8,2024,1,12,0,26.25,1,0.1,0.1,159.228,159.319,159.349,4.351987836,4.367746161,4.372998936,0,0,0,-0.122,-0.213
13-01-2024,4.315328846,159.014,0,32.6,20.7,2024,1,13,0,26.65,0,0.1,0.1,159.106,159.288,159.319,4.330976736,4.362493386,4.367746161,0.1,0,0,-0.092,-0.274
14-01-2024,4.310112883,158.984,0,32.5,21.6,2024,1,14,0,27.05,0,0.1,0.1,159.014,159.228,159.349,4.315328846,4.351987836,4.372998936,0,0,0,-0.03,-0.244
15-01-2024,4.299680957,158.923,0,32.6,20.7,2024,1,15,0,26.65,0,0,0.1,158.984,159.106,159.349,4.310112883,4.330976736,4.372998936,0,0.1,0,-0.061,-0.183
16-01-2024,4.284033067,158.831,0,32.1,22,2024,1,16,0,27.05,0,0,0.1,158.923,159.014,159.319,4.299680957,4.315328846,4.367746161,0,0,0,-0.092,-0.183
18-01-2024,4.268453138,158.74,0,31.4,20.4,2024,1,18,0,25.9,0,0,0.1,158.831,158.984,159.288,4.284033067,4.310112883,4.362493386,0,0,0,-0.091,-0.244
19-01-2024,4.247725207,158.618,0,32.1,20.1,2024,1,19,0,26.1,0,0,0.1,158.74,158.923,159.228,4.268453138,4.299680957,4.351987836,0,0,0,-0.122,-0.305
21-01-2024,4.242543224,158.587,0.1,32.4,21.4,2024,1,21,0,26.9,1,0.1,0.1,158.618,158.831,159.106,4.247725207,4.284033067,4.330976736,0,0,0.1,-0.031,-0.244
22-01-2024,4.242543224,158.587,0,32.6,21.8,2024,1,22,0,27.2,0,0.1,0.1,158.587,158.74,159.014,4.242543224,4.268453138,4.315328846,0.1,0,0,0,-0.153
23-01-2024,4.242543224,158.587,0.1,32.9,22.4,2024,1,23,0,27.65,1,0.2,0.2,158.587,158.618,158.984,4.242543224,4.247725207,4.310112883,0,0,0,0,-0.031
24-01-2024,4.237361241,158.557,0,32.7,22.4,2024,1,24,0,27.55,0,0.1,0.2,158.587,158.587,158.923,4.242543224,4.242543224,4.299680957,0.1,0.1,0,-0.03,-0.03
25-01-2024,4.237361241,158.557,0.3,30.6,21.9,2024,1,25,0,26.25,1,0.4,0.5,158.557,158.587,158.831,4.237361241,4.242543224,4.284033067,0,0,0,0,-0.03
26-01-2024,4.237361241,158.557,0,31.1,21.5,2024,1,26,0,26.3,0,0.3,0.5,158.557,158.587,158.74,4.237361241,4.242543224,4.268453138,0.3,0.1,0,0,-0.03
27-01-2024,4.237361241,158.557,0,31.9,21,2024,1,27,0,26.45,0,0.3,0.5,158.557,158.557,158.618,4.237361241,4.237361241,4.247725207,0,0,0,0,0
28-01-2024,4.237361241,158.557,0.1,31.6,21.2,2024,1,28,0,26.4,1,0.1,0.5,158.557,158.557,158.587,4.237361241,4.237361241,4.242543224,0,0.3,0.1,0,0
30-01-2024,4.232179258,158.526,0,31.7,20,2024,1,30,0,25.85,0,0.1,0.5,158.557,158.557,158.587,4.237361241,4.237361241,4.242543224,0.1,0,0,-0.031,-0.031
31-01-2024,4.226997275,158.496,0,32.7,19.8,2024,1,31,0,26.25,0,0.1,0.4,158.526,158.557,158.587,4.232179258,4.237361241,4.242543224,0,0,0.1,-0.03,-0.061
01-02-2024,4.221852104,158.466,0,33.9,21.8,2024,2,32,0,27.85,0,0,0.4,158.496,158.557,158.557,4.226997275,4.237361241,4.237361241,0,0.1,0,-0.03,-0.091
02-02-2024,4.206416591,158.374,0.2,31.9,22.9,2024,2,33,0,27.4,1,0.2,0.3,158.466,158.526,158.557,4.221852104,4.232179258,4.237361241,0,0,0.3,-0.092,-0.152
03-02-2024,4.190981078,158.283,0.6,32.1,23.5,2024,2,34,0,27.8,1,0.8,0.9,158.374,158.496,158.557,4.206416591,4.226997275,4.237361241,0.2,0,0,-0.091,-0.213
04-02-2024,4.175545565,158.191,0,33.8,22,2024,2,35,0,27.9,0,0.8,0.9,158.283,158.466,158.557,4.190981078,4.221852104,4.237361241,0.6,0,0,-0.092,-0.275
05-02-2024,4.170434374,158.161,0,33.9,21.9,2024,2,36,0,27.9,0,0.6,0.8,158.191,158.374,158.557,4.175545565,4.206416591,4.237361241,0,0.2,0.1,-0.03,-0.213
06-02-2024,4.160211992,158.1,0,35.9,22.8,2024,2,37,0,29.35,0,0,0.8,158.161,158.283,158.526,4.170434374,4.190981078,4.232179258,0,0.6,0,-0.061,-0.183
07-02-2024,4.129544848,157.917,0,36.4,22.9,2024,2,38,0,29.65,0,0,0.8,158.1,158.191,158.496,4.160211992,4.175545565,4.226997275,0,0,0,-0.183,-0.274
08-02-2024,4.124433657,157.886,0,36.3,24,2024,2,39,0,30.15,0,0,0.8,157.917,158.161,158.466,4.129544848,4.170434374,4.221852104,0,0,0,-0.031,-0.275
09-02-2024,4.10921052,157.795,0,35.2,22.9,2024,2,40,0,29.05,0,0,0.6,157.886,158.1,158.374,4.124433657,4.160211992,4.206416591,0,0,0.2,-0.091,-0.305
11-02-2024,4.104136141,157.764,0,34.5,23,2024,2,42,0,28.75,0,0,0,157.795,157.917,158.283,4.10921052,4.129544848,4.190981078,0,0,0.6,-0.031,-0.153
13-02-2024,4.104136141,157.764,0,33.7,20.5,2024,2,44,0,27.1,0,0,0,157.764,157.886,158.191,4.104136141,4.124433657,4.175545565,0,0,0,0,-0.122
14-02-2024,4.104130478,157.7638654,0,34.4,22.3,2024,2,45,0,28.35,0,0,0,157.764,157.795,158.161,4.104136141,4.10921052,4.170434374,0,0,0,-0.0001346,-0.0311346
15-02-2024,4.093987383,157.704,0,34.1,21,2024,2,46,0,27.55,0,0,0,157.7638654,157.764,158.1,4.104130478,4.104136141,4.160211992,0,0,0,-0.0598654,-0.06
16-02-2024,4.093987383,157.704,0,34.6,20,2024,2,47,0,27.3,0,0,0,157.704,157.764,157.917,4.093987383,4.104136141,4.129544848,0,0,0,0,-0.06
17-02-2024,4.088913004,157.673,0,35,18.7,2024,2,48,0,26.85,0,0,0,157.704,157.7638654,157.886,4.093987383,4.104130478,4.124433657,0,0,0,-0.031,-0.0908654
18-02-2024,4.088913004,157.673,0,36.3,20.9,2024,2,49,0,28.6,0,0,0,157.673,157.704,157.795,4.088913004,4.093987383,4.10921052,0,0,0,0,-0.031
19-02-2024,4.083838625,157.643,0,35.5,22.5,2024,2,50,0,29,0,0,0,157.673,157.704,157.764,4.088913004,4.093987383,4.104136141,0,0,0,-0.03,-0.061
20-02-2024,4.083838625,157.643,0,36.3,23.3,2024,2,51,0,29.8,0,0,0,157.643,157.673,157.764,4.083838625,4.088913004,4.104136141,0,0,0,0,-0.03
21-02-2024,4.078764247,157.612,0,36.6,24,2024,2,52,0,30.3,0,0,0,157.643,157.673,157.7638654,4.083838625,4.088913004,4.104130478,0,0,0,-0.031,-0.061
22-02-2024,4.063614734,157.521,0,36.4,23.1,2024,2,53,0,29.75,0,0,0,157.612,157.643,157.704,4.078764247,4.083838625,4.093987383,0,0,0,-0.091,-0.122
23-02-2024,4.06360907,157.5209398,0.3,34.7,24.2,2024,2,54,0,29.45,1,0.3,0.3,157.521,157.643,157.704,4.063614734,4.083838625,4.093987383,0,0,0,-6.02E-05,-0.1220602
24-02-2024,4.058577167,157.49,0.2,35.5,24.4,2024,2,55,0,29.95,1,0.5,0.5,157.5209398,157.612,157.673,4.06360907,4.078764247,4.088913004,0.3,0,0,-0.0309398,-0.122
25-02-2024,4.0535396,157.46,0.1,33.3,24.3,2024,2,56,0,28.8,1,0.6,0.6,157.49,157.521,157.673,4.058577167,4.063614734,4.088913004,0.2,0,0,-0.03,-0.061
26-02-2024,4.0535396,157.46,0,34.7,23.8,2024,2,57,0,29.25,0,0.3,0.6,157.46,157.5209398,157.643,4.0535396,4.06360907,4.083838625,0.1,0.3,0,0,-0.0609398
27-02-2024,4.043464466,157.399,0,35.4,22.3,2024,2,58,0,28.85,0,0.1,0.6,157.46,157.49,157.643,4.0535396,4.058577167,4.083838625,0,0.2,0,-0.061,-0.091
28-02-2024,4.043464466,157.399,0,35.7,23.1,2024,2,59,0,29.4,0,0,0.6,157.399,157.46,157.612,4.043464466,4.0535396,4.078764247,0,0.1,0,0,-0.061
29-02-2024,4.038426899,157.368,0,36.4,22,2024,2,60,0,29.2,0,0,0.6,157.399,157.46,157.521,4.043464466,4.0535396,4.063614734,0,0,0,-0.031,-0.092
01-03-2024,4.038426899,157.368,0.1,35.5,23.6,2024,3,61,0,29.55,1,0.1,0.4,157.368,157.399,157.5209398,4.038426899,4.043464466,4.06360907,0,0,0.3,0,-0.031
02-03-2024,4.01825964,157.246,0,37.8,23.1,2024,3,62,0,30.45,0,0.1,0.2,157.368,157.399,157.49,4.038426899,4.043464466,4.058577167,0.1,0,0.2,-0.122,-0.153
03-03-2024,4.008303437,157.185,0,37.5,23.7,2024,3,63,0,30.6,0,0.1,0.1,157.246,157.368,157.46,4.01825964,4.038426899,4.0535396,0,0,0.1,-0.061,-0.183
04-03-2024,3.998296264,157.124,0,37.1,23.6,2024,3,64,0,30.35,0,0,0.1,157.185,157.368,157.46,4.008303437,4.038426899,4.0535396,0,0.1,0,-0.061,-0.244
05-03-2024,3.98828909,157.063,0,36.9,22.4,2024,3,65,0,29.65,0,0,0.1,157.124,157.246,157.399,3.998296264,4.01825964,4.043464466,0,0,0,-0.061,-0.183
06-03-2024,3.968311555,156.942,0,38.3,23.5,2024,3,66,0,30.9,0,0,0.1,157.063,157.185,157.399,3.98828909,4.008303437,4.043464466,0,0,0,-0.121,-0.243
08-03-2024,3.958378005,156.881,0,37.9,24.7,2024,3,68,0,31.3,0,0,0.1,156.942,157.124,157.368,3.968311555,3.998296264,4.038426899,0,0,0,-0.061,-0.243
09-03-2024,3.948444455,156.82,0,37.3,26.2,2024,3,69,0,31.75,0,0,0,156.881,157.063,157.368,3.958378005,3.98828909,4.038426899,0,0,0.1,-0.061,-0.243
10-03-2024,3.938510905,156.759,0.6,35.3,25.7,2024,3,70,0,30.5,1,0.6,0.6,156.82,156.942,157.246,3.948444455,3.968311555,4.01825964,0,0,0,-0.061,-0.183
11-03-2024,3.93354413,156.728,0,36,24.8,2024,3,71,0,30.4,0,0.6,0.6,156.759,156.881,157.185,3.938510905,3.958378005,4.008303437,0.6,0,0,-0.031,-0.153
12-03-2024,3.928577356,156.698,0,38.4,25,2024,3,72,0,31.7,0,0.6,0.6,156.728,156.82,157.124,3.93354413,3.948444455,3.998296264,0,0,0,-0.03,-0.122
13-03-2024,3.923610581,156.667,0,39.6,27.3,2024,3,73,0,33.45,0,0,0.6,156.698,156.759,157.063,3.928577356,3.938510905,3.98828909,0,0.6,0,-0.031,-0.092
14-03-2024,3.918677786,156.637,0,39.2,25.5,2024,3,74,0,32.35,0,0,0.6,156.667,156.728,156.942,3.923610581,3.93354413,3.968311555,0,0,0,-0.03,-0.091
15-03-2024,3.918683449,156.6370198,0,38.4,26.2,2024,3,75,0,32.3,0,0,0.6,156.637,156.698,156.881,3.918677786,3.928577356,3.958378005,0,0,0,1.98E-05,-0.0609802
16-03-2024,3.918683449,156.6370198,0.2,37.8,25.3,2024,3,76,0,31.55,1,0.2,0.8,156.6370198,156.667,156.82,3.918683449,3.923610581,3.948444455,0,0,0,0,-0.0299802
17-03-2024,3.918683449,156.6370198,0.2,36.9,25.6,2024,3,77,0,31.25,1,0.4,0.4,156.6370198,156.637,156.759,3.918683449,3.918677786,3.938510905,0.2,0,0.6,0,1.98E-05
18-03-2024,3.913744991,156.606,0,37.8,24.4,2024,3,78,0,31.1,0,0.4,0.4,156.6370198,156.6370198,156.728,3.918683449,3.918683449,3.93354413,0.2,0,0,-0.0310198,-0.0310198
19-03-2024,3.908812197,156.576,0,37.9,26,2024,3,79,0,31.95,0,0.2,0.4,156.606,156.6370198,156.698,3.913744991,3.918683449,3.928577356,0,0.2,0,-0.03,-0.0610198
20-03-2024,3.908812197,156.576,4.1,31.5,22.8,2024,3,80,0,27.15,1,4.1,4.5,156.576,156.6370198,156.667,3.908812197,3.918683449,3.923610581,0,0.2,0,0,-0.0610198
21-03-2024,3.903879402,156.545,0,35.6,23.4,2024,3,81,0,29.5,0,4.1,4.5,156.576,156.606,156.637,3.908812197,3.913744991,3.918677786,4.1,0,0,-0.031,-0.061
22-03-2024,3.903879402,156.545,0,36.8,23.4,2024,3,82,0,30.1,0,4.1,4.5,156.545,156.576,156.6370198,3.903879402,3.908812197,3.918683449,0,0,0,0,-0.031
23-03-2024,3.903879402,156.545,0,38,24.5,2024,3,83,0,31.25,0,0,4.3,156.545,156.576,156.6370198,3.903879402,3.908812197,3.918683449,0,4.1,0.2,0,-0.031
24-03-2024,3.903879402,156.545,0,36.9,24.7,2024,3,84,0,30.8,0,0,4.1,156.545,156.545,156.6370198,3.903879402,3.903879402,3.918683449,0,0,0.2,0,0
25-03-2024,3.903879402,156.545,0,37.4,24.4,2024,3,85,0,30.9,0,0,4.1,156.545,156.545,156.606,3.903879402,3.903879402,3.913744991,0,0,0,0,0
26-03-2024,3.903879402,156.545,0,37.7,24.8,2024,3,86,0,31.25,0,0,4.1,156.545,156.545,156.576,3.903879402,3.903879402,3.908812197,0,0,0,0,0
27-03-2024,3.900928787,156.515,0,38.2,23.5,2024,3,87,0,30.85,0,0,0,156.545,156.545,156.576,3.903879402,3.903879402,3.908812197,0,0,4.1,-0.03,-0.03
28-03-2024,3.900928787,156.515,0,39.2,24.1,2024,3,88,0,31.65,0,0,0,156.515,156.545,156.545,3.900928787,3.903879402,3.903879402,0,0,0,0,-0.03
29-03-2024,3.900928787,156.515,0,40.5,26.5,2024,3,89,0,33.5,0,0,0,156.515,156.545,156.545,3.900928787,3.903879402,3.903879402,0,0,0,0,-0.03
30-03-2024,3.900928787,156.515,0,40.3,26,2024,3,90,0,33.15,0,0,0,156.515,156.515,156.545,3.900928787,3.900928787,3.903879402,0,0,0,0,0
31-03-2024,3.894013813,156.484,0,39.5,25.3,2024,3,91,0,32.4,0,0,0,156.515,156.515,156.545,3.900928787,3.900928787,3.903879402,0,0,0,-0.031,-0.031
01-04-2024,3.894013813,156.484,0,39.8,25.4,2024,4,92,0,32.6,0,0,0,156.484,156.515,156.545,3.894013813,3.900928787,3.903879402,0,0,0,0,-0.031
02-04-2024,3.894013813,156.484,0,40.3,26.7,2024,4,93,0,33.5,0,0,0,156.484,156.515,156.545,3.894013813,3.900928787,3.903879402,0,0,0,0,-0.031
03-04-2024,3.839925804,156.149,0,40.7,26.2,2024,4,94,0,33.45,0,0,0,156.484,156.484,156.515,3.894013813,3.894013813,3.900928787,0,0,0,-0.335,-0.335
05-04-2024,3.820460804,156.027,0,41.8,27.1,2024,4,96,0,34.45,0,0,0,156.149,156.484,156.515,3.839925804,3.894013813,3.900928787,0,0,0,-0.122,-0.457
06-04-2024,3.801012793,155.905,0,43.4,28.4,2024,4,97,0,35.9,0,0,0,156.027,156.484,156.515,3.820460804,3.894013813,3.900928787,0,0,0,-0.122,-0.579
07-04-2024,3.786426786,155.814,0,43.4,28.2,2024,4,98,0,35.8,0,0,0,155.905,156.149,156.515,3.801012793,3.839925804,3.900928787,0,0,0,-0.091,-0.335
08-04-2024,3.786426786,155.814,0,40.1,27.2,2024,4,99,0,33.65,0,0,0,155.814,156.027,156.484,3.786426786,3.820460804,3.894013813,0,0,0,0,-0.213
09-04-2024,3.762227209,155.661,0.2,38.4,26.7,2024,4,100,0,32.55,1,0.2,0.2,155.814,155.905,156.484,3.786426786,3.801012793,3.894013813,0,0,0,-0.153,-0.244
11-04-2024,3.752576827,155.6,0.1,38.6,25,2024,4,102,0,31.8,1,0.3,0.3,155.661,155.814,156.484,3.762227209,3.786426786,3.894013813,0.2,0,0,-0.061,-0.214
12-04-2024,3.723662495,155.418,3.1,35.9,25.8,2024,4,103,0,30.85,1,3.4,3.4,155.6,155.814,156.149,3.752576827,3.786426786,3.839925804,0.1,0,0,-0.182,-0.396
13-04-2024,3.699720601,155.265,0.2,38.8,25.9,2024,4,104,0,32.35,1,3.4,3.6,155.418,155.661,156.027,3.723662495,3.762227209,3.820460804,3.1,0.2,0,-0.153,-0.396
14-04-2024,3.685355465,155.174,0,38.9,25.7,2024,4,105,0,32.3,0,3.3,3.6,155.265,155.6,155.905,3.699720601,3.752576827,3.801012793,0.2,0.1,0,-0.091,-0.426
16-04-2024,3.671058289,155.082,0,41.6,28.5,2024,4,107,0,35.05,0,0.2,3.6,155.174,155.418,155.814,3.685355465,3.723662495,3.786426786,0,3.1,0,-0.092,-0.336
17-04-2024,3.642531898,154.899,0,41.8,28.3,2024,4,108,0,35.05,0,0,3.6,155.082,155.265,155.814,3.671058289,3.699720601,3.786426786,0,0.2,0,-0.183,-0.366
19-04-2024,3.614141428,154.716,0,41.9,29.9,2024,4,110,0,35.9,0,0,3.4,154.899,155.174,155.661,3.642531898,3.685355465,3.762227209,0,0,0.2,-0.183,-0.458
21-04-2024,3.581138143,154.503,0,42.1,29.4,2024,4,112,0,35.75,0,0,3.3,154.716,155.082,155.6,3.614141428,3.671058289,3.752576827,0,0,0.1,-0.213,-0.579
23-04-2024,3.543691945,154.259,0,42.1,27.8,2024,4,114,0,34.95,0,0,0.2,154.503,154.899,155.418,3.581138143,3.642531898,3.723662495,0,0,3.1,-0.244,-0.64
24-04-2024,3.525062292,154.137,0,43.5,27.6,2024,4,115,0,35.55,0,0,0,154.259,154.716,155.265,3.543691945,3.614141428,3.699720601,0,0,0.2,-0.122,-0.579
25-04-2024,3.515763039,154.076,0,42.4,28.4,2024,4,116,0,35.4,0,0,0,154.137,154.503,155.174,3.525062292,3.581138143,3.685355465,0,0,0,-0.061,-0.427
26-04-2024,3.51114173,154.046,0,42.1,28,2024,4,117,0,35.05,0,0,0,154.076,154.259,155.082,3.515763039,3.543691945,3.671058289,0,0,0,-0.03,-0.213
27-04-2024,3.506463787,154.015,0,42.4,27.4,2024,4,118,0,34.9,0,0,0,154.046,154.137,154.899,3.51114173,3.525062292,3.642531898,0,0,0,-0.031,-0.122
29-04-2024,3.497164534,153.954,0,42.9,27.9,2024,4,120,0,35.4,0,0,0,154.015,154.076,154.716,3.506463787,3.515763039,3.614141428,0,0,0,-0.061,-0.122
01-05-2024,3.492514908,153.924,0,44.7,29.8,2024,5,122,0,37.25,0,0,0,153.954,154.046,154.503,3.497164534,3.51114173,3.581138143,0,0,0,-0.03,-0.122
03-05-2024,3.487902094,153.894,0,44,29.5,2024,5,124,0,36.75,0,0,0,153.924,154.015,154.259,3.492514908,3.506463787,3.543691945,0,0,0,-0.03,-0.121
04-05-2024,3.487902094,153.894,0.1,43.8,29.9,2024,5,125,0,36.85,1,0.1,0.1,153.894,153.954,154.137,3.487902094,3.497164534,3.525062292,0,0,0,0,-0.06
05-05-2024,3.487899262,153.8941247,0.1,43.1,29.8,2024,5,126,0,36.45,1,0.2,0.2,153.894,153.924,154.076,3.487902094,3.492514908,3.515763039,0.1,0,0,0.0001247,-0.0298753
06-05-2024,3.487902094,153.894,0.1,43.8,30.1,2024,5,127,0,36.95,1,0.3,0.3,153.8941247,153.894,154.046,3.487899262,3.487902094,3.51114173,0.1,0,0,-0.0001247,0
07-05-2024,3.487902094,153.894,11.3,35.9,27,2024,5,128,0,31.45,1,11.5,11.6,153.894,153.894,154.015,3.487902094,3.487902094,3.506463787,0.1,0.1,0,0,0
08-05-2024,3.487902094,153.894,1.8,39.4,26,2024,5,129,0,32.7,1,13.2,13.4,153.894,153.8941247,153.954,3.487902094,3.487899262,3.497164534,11.3,0.1,0,0,-0.0001247
09-05-2024,3.48328928,153.863,2.3,37.4,28,2024,5,130,0,32.7,1,15.4,15.7,153.894,153.894,153.924,3.487902094,3.487902094,3.492514908,1.8,0.1,0,-0.031,-0.031
10-05-2024,4.357113185,159.258,8,37.8,24.6,2024,5,131,0,31.2,1,12.1,23.7,153.863,153.894,153.894,3.48328928,3.487902094,3.487902094,2.3,11.3,0,5.395,5.364
11-05-2024,3.48328928,153.863,0.4,39.9,27.7,2024,5,132,0,33.8,1,10.7,24,159.258,153.894,153.894,4.357113185,3.487902094,3.487902094,8,1.8,0.1,-5.395,-0.031
12-05-2024,3.48328928,153.863,0.5,39,28.6,2024,5,133,0,33.8,1,8.9,24.4,153.863,153.863,153.8941247,3.48328928,3.48328928,3.487899262,0.4,2.3,0.1,0,0
13-05-2024,3.483283616,153.8630351,11.2,37.2,26.7,2024,5,134,0,31.95,1,12.1,35.5,153.863,159.258,153.894,3.48328928,4.357113185,3.487902094,0.5,8,0.1,3.51E-05,-5.3949649
14-05-2024,3.483283616,153.8630351,0.2,35.7,26,2024,5,135,0,30.85,1,11.9,24.4,153.8630351,153.863,153.894,3.483283616,3.48328928,3.487902094,11.2,0.4,11.3,0,3.51E-05
15-05-2024,3.48328928,153.863,0.2,38.1,26.6,2024,5,136,0,32.35,1,11.6,22.8,153.8630351,153.863,153.894,3.483283616,3.48328928,3.487902094,0.2,0.5,1.8,-3.51E-05,0
16-05-2024,3.48328928,153.863,19.7,32.4,26.2,2024,5,137,0,29.3,1,20.1,40.2,153.863,153.8630351,153.863,3.48328928,3.483283616,3.48328928,0.2,11.2,2.3,0,-3.51E-05
18-05-2024,3.48328928,153.863,2.3,34.8,26.7,2024,5,139,0,30.75,1,22.2,34.5,153.863,153.8630351,159.258,3.48328928,3.483283616,4.357113185,19.7,0.2,8,0,-3.51E-05
19-05-2024,3.48328928,153.863,12.3,35,26.1,2024,5,140,0,30.55,1,34.3,46.4,153.863,153.863,153.863,3.48328928,3.48328928,3.48328928,2.3,0.2,0.4,0,0
20-05-2024,3.48328928,153.863,4.5,35.6,25.3,2024,5,141,0,30.45,1,19.1,50.4,153.863,153.863,153.863,3.48328928,3.48328928,3.48328928,12.3,19.7,0.5,0,0
21-05-2024,3.48328928,153.863,4.5,34.5,27.8,2024,5,142,0,31.15,1,21.3,43.7,153.863,153.863,153.8630351,3.48328928,3.48328928,3.483283616,4.5,2.3,11.2,0,0
22-05-2024,3.48328928,153.863,17.4,35.2,27.3,2024,5,143,0,31.25,1,26.4,60.9,153.863,153.863,153.8630351,3.48328928,3.48328928,3.483283616,4.5,12.3,0.2,0,0
23-05-2024,3.48328928,153.863,5.9,38.1,27.1,2024,5,144,0,32.6,1,27.8,66.6,153.863,153.863,153.863,3.48328928,3.48328928,3.48328928,17.4,4.5,0.2,0,0
24-05-2024,3.48328928,153.863,0,40,28.9,2024,5,145,0,34.45,0,23.3,46.9,153.863,153.863,153.863,3.48328928,3.48328928,3.48328928,5.9,4.5,19.7,0,0
25-05-2024,3.48328928,153.863,0,37.9,30,2024,5,146,0,33.95,0,5.9,44.6,153.863,153.863,153.863,3.48328928,3.48328928,3.48328928,0,17.4,2.3,0,0
26-05-2024,3.48328928,153.863,0,41.2,31.1,2024,5,147,0,36.15,0,0,32.3,153.863,153.863,153.863,3.48328928,3.48328928,3.48328928,0,5.9,12.3,0,0
27-05-2024,3.48328928,153.863,0,38,30.4,2024,5,148,0,34.2,0,0,27.8,153.863,153.863,153.863,3.48328928,3.48328928,3.48328928,0,0,4.5,0,0
28-05-2024,3.48328928,153.863,0,38.7,30.8,2024,5,149,0,34.75,0,0,23.3,153.863,153.863,153.863,3.48328928,3.48328928,3.48328928,0,0,4.5,0,0
29-05-2024,3.478676465,153.833,0,40.9,30.7,2024,5,150,0,35.8,0,0,5.9,153.863,153.863,153.863,3.48328928,3.48328928,3.48328928,0,0,17.4,-0.03,-0.03
30-05-2024,3.478676465,153.833,0,42.5,31.8,2024,5,151,0,37.15,0,0,0,153.833,153.863,153.863,3.478676465,3.48328928,3.48328928,0,0,5.9,0,-0.03
31-05-2024,3.478676465,153.833,0.2,43.3,30.6,2024,5,152,0,36.95,1,0.2,0.2,153.833,153.863,153.863,3.478676465,3.48328928,3.48328928,0,0,0,0,-0.03
01-06-2024,3.474063651,153.802,0.4,41.4,30.7,2024,6,153,1,36.05,1,0.6,0.6,153.833,153.833,153.863,3.478676465,3.478676465,3.48328928,0.2,0,0,-0.031,-0.031
02-06-2024,3.474063651,153.802,35.4,36.8,27,2024,6,154,1,31.9,1,36,36,153.802,153.833,153.863,3.474063651,3.478676465,3.48328928,0.4,0,0,0,-0.031
04-06-2024,3.474052324,153.8020751,6.3,37.7,28,2024,6,156,1,32.85,1,42.1,42.3,153.802,153.833,153.863,3.474063651,3.478676465,3.48328928,35.4,0.2,0,7.51E-05,-0.0309249
06-06-2024,3.474063651,153.802,13,34.5,25.7,2024,6,158,1,30.1,1,54.7,55.3,153.8020751,153.802,153.863,3.474052324,3.474063651,3.48328928,6.3,0.4,0,-7.51E-05,0
08-06-2024,3.478676465,153.833,0,32.6,27,2024,6,160,1,29.8,0,19.3,55.3,153.802,153.802,153.833,3.474063651,3.474063651,3.478676465,13,35.4,0,0.031,0.031
09-06-2024,3.478676465,153.833,0.8,34,26.5,2024,6,161,1,30.25,1,13.8,56.1,153.833,153.8020751,153.833,3.478676465,3.474052324,3.478676465,0,6.3,0,0,0.0309249
10-06-2024,3.478676465,153.833,5.6,31.8,27.2,2024,6,162,1,29.5,1,6.4,61.5,153.833,153.802,153.833,3.478676465,3.474063651,3.478676465,0.8,13,0.2,0,0.031
12-06-2024,3.478676465,153.833,2.7,33.5,26.7,2024,6,164,1,30.1,1,9.1,63.8,153.833,153.833,153.802,3.478676465,3.478676465,3.474063651,5.6,0,0.4,0,0
13-06-2024,3.478676465,153.833,1.3,34.3,27,2024,6,165,1,30.65,1,9.6,29.7,153.833,153.833,153.802,3.478676465,3.478676465,3.474063651,2.7,0.8,35.4,0,0
14-06-2024,3.474063651,153.802,1.6,35.1,27.1,2024,6,166,1,31.1,1,5.6,25,153.833,153.833,153.8020751,3.478676465,3.478676465,3.474052324,1.3,5.6,6.3,-0.031,-0.031
15-06-2024,3.469450837,153.772,0.2,35.3,27.4,2024,6,167,1,31.35,1,3.1,12.2,153.802,153.833,153.802,3.474063651,3.478676465,3.474063651,1.6,2.7,13,-0.03,-0.061
16-06-2024,3.469450837,153.772,0,35.9,27.9,2024,6,168,1,31.9,0,1.8,12.2,153.772,153.833,153.833,3.469450837,3.478676465,3.478676465,0.2,1.3,0,0,-0.061
18-06-2024,3.469450837,153.772,0,37.4,28.7,2024,6,170,1,33.05,0,0.2,11.4,153.772,153.802,153.833,3.469450837,3.474063651,3.478676465,0,1.6,0.8,0,-0.03
19-06-2024,3.469450837,153.772,0.1,35.2,28.9,2024,6,171,1,32.05,1,0.1,5.9,153.772,153.772,153.833,3.469450837,3.469450837,3.478676465,0,0.2,5.6,0,0
20-06-2024,3.464838022,153.772,0,37.1,29.1,2024,6,172,1,33.1,0,0.1,3.2,153.772,153.772,153.833,3.469450837,3.469450837,3.478676465,0.1,0,2.7,0,0
21-06-2024,3.464838022,153.741,0.6,36.8,28.4,2024,6,173,1,32.6,1,0.7,2.5,153.772,153.772,153.833,3.464838022,3.469450837,3.478676465,0,0,1.3,-0.031,-0.031
23-06-2024,3.460225208,153.711,0.2,36.5,27.7,2024,6,175,1,32.1,1,0.8,1.1,153.741,153.772,153.802,3.464838022,3.469450837,3.474063651,0.6,0.1,1.6,-0.03,-0.061
24-06-2024,3.460225208,153.711,1.1,36.5,27.8,2024,6,176,1,32.15,1,1.9,2,153.711,153.772,153.772,3.460225208,3.464838022,3.469450837,0.2,0,0.2,0,-0.061
26-06-2024,3.455612394,153.68,3.7,34.6,27,2024,6,178,1,30.8,1,5,5.7,153.711,153.741,153.772,3.460225208,3.464838022,3.469450837,1.1,0.6,0,-0.031,-0.061
27-06-2024,3.455612394,153.68,14.8,27.6,25.9,2024,6,179,1,26.75,1,19.6,20.5,153.68,153.711,153.772,3.455612394,3.460225208,3.469450837,3.7,0.2,0,0,-0.031
28-06-2024,3.455612394,153.68,8.5,33.8,25.5,2024,6,180,1,29.65,1,27,28.9,153.68,153.711,153.772,3.455612394,3.460225208,3.469450837,14.8,1.1,0.1,0,-0.031
30-06-2024,3.479316426,153.65,7,33.5,26.5,2024,6,182,1,30,1,30.3,35.9,153.68,153.68,153.772,3.455612394,3.455612394,3.464838022,8.5,3.7,0,-0.03,-0.03
02-07-2024,3.446386765,153.619,0,34.4,27.7,2024,7,184,1,31.05,0,15.5,35.3,153.65,153.68,153.741,3.479316426,3.455612394,3.464838022,7,14.8,0.6,-0.031,-0.061
03-07-2024,3.441822089,153.589,0.1,34,27.5,2024,7,185,1,30.75,1,7.1,35.2,153.619,153.68,153.711,3.446386765,3.455612394,3.460225208,0,8.5,0.2,-0.03,-0.091
05-07-2024,3.437223434,153.558,7.6,34.8,26.2,2024,7,187,1,30.5,1,7.7,41.7,153.589,153.65,153.711,3.441822089,3.479316426,3.460225208,0.1,7,1.1,-0.031,-0.092
06-07-2024,3.432641768,153.528,13.6,33.1,25.9,2024,7,188,1,29.5,1,21.3,51.6,153.558,153.619,153.68,3.437223434,3.446386765,3.455612394,7.6,0,3.7,-0.03,-0.091
07-07-2024,3.423478436,153.467,10.1,31.4,25.4,2024,7,189,1,28.4,1,31.3,46.9,153.528,153.589,153.68,3.432641768,3.441822089,3.455612394,13.6,0.1,14.8,-0.061,-0.122
08-07-2024,3.41889677,153.436,2.4,31.5,26.4,2024,7,190,1,28.95,1,26.1,40.8,153.467,153.558,153.68,3.423478436,3.437223434,3.455612394,10.1,7.6,8.5,-0.031,-0.122
10-07-2024,3.409733439,153.375,0,34.5,26.3,2024,7,192,1,30.4,0,12.5,33.8,153.436,153.528,153.65,3.41889677,3.432641768,3.479316426,2.4,13.6,7,-0.061,-0.153
11-07-2024,3.405151773,153.345,3.9,33.6,26.9,2024,7,193,1,30.25,1,6.3,37.7,153.375,153.467,153.619,3.409733439,3.423478436,3.446386765,0,10.1,0,-0.03,-0.122
12-07-2024,3.405151773,153.345,0.2,34.8,27.3,2024,7,194,1,31.05,1,4.1,37.8,153.345,153.436,153.589,3.405151773,3.41889677,3.441822089,3.9,2.4,0.1,0,-0.091
14-07-2024,3.400570107,153.314,29.5,28.6,25.6,2024,7,196,1,27.1,1,33.6,59.7,153.345,153.375,153.558,3.405151773,3.409733439,3.437223434,0.2,0,7.6,-0.031,-0.061
16-07-2024,3.446386765,153.619,0.7,31.9,26.2,2024,7,198,1,29.05,1,30.4,46.8,153.314,153.345,153.528,3.400570107,3.405151773,3.432641768,29.5,3.9,13.6,0.305,0.274
18-07-2024,3.497164534,153.954,18.1,29.1,25.6,2024,7,200,1,27.35,1,48.3,54.8,153.619,153.345,153.467,3.446386765,3.405151773,3.423478436,0.7,0.2,10.1,0.335,0.609
20-07-2024,3.487902094,153.894,38.7,26.4,25,2024,7,202,1,25.7,1,57.5,91.1,153.954,153.314,153.436,3.497164534,3.400570107,3.41889677,18.1,29.5,2.4,-0.06,0.58
21-07-2024,3.469450837,153.772,23.4,31.5,24.8,2024,7,203,1,28.15,1,80.2,114.5,153.894,153.619,153.375,3.487902094,3.446386765,3.409733439,38.7,0.7,0,-0.122,0.153
22-07-2024,3.450999579,153.65,12.8,30.7,25.2,2024,7,204,1,27.95,1,74.9,123.4,153.772,153.954,153.345,3.469450837,3.497164534,3.405151773,23.4,18.1,3.9,-0.122,-0.304
23-07-2024,3.432641768,153.528,7.4,28.2,26.3,2024,7,205,1,27.25,1,43.6,130.6,153.65,153.894,153.345,3.450999579,3.487902094,3.405151773,12.8,38.7,0.2,-0.122,-0.366
24-07-2024,3.437223434,153.558,11.3,27.2,25.1,2024,7,206,1,26.15,1,31.5,112.4,153.528,153.772,153.314,3.432641768,3.469450837,3.400570107,7.4,23.4,29.5,0.03,-0.214
25-07-2024,3.492514908,153.924,9.1,29.4,25.2,2024,7,207,1,27.3,1,27.8,120.8,153.558,153.65,153.619,3.437223434,3.450999579,3.446386765,11.3,12.8,0.7,0.366,0.274
26-07-2024,3.567095819,154.412,2.5,31.1,25.1,2024,7,208,1,28.1,1,22.9,105.2,153.924,153.528,153.954,3.492514908,3.432641768,3.497164534,9.1,7.4,18.1,0.488,0.884
27-07-2024,3.680567086,155.143,1.9,30.3,26.3,2024,7,209,1,28.3,1,13.5,68.4,154.412,153.558,153.894,3.567095819,3.437223434,3.487902094,2.5,11.3,38.7,0.731,1.585
28-07-2024,3.796150791,155.875,2.3,32.7,26.6,2024,7,210,1,29.65,1,6.7,47.3,155.143,153.924,153.772,3.680567086,3.492514908,3.469450837,1.9,9.1,23.4,0.732,1.951
29-07-2024,3.844906737,156.18,0.3,32.8,27.2,2024,7,211,1,30,1,4.5,34.8,155.875,154.412,153.65,3.796150791,3.567095819,3.450999579,2.3,2.5,12.8,0.305,1.768
30-07-2024,4.320544809,159.045,0,32.9,26.9,2024,7,212,1,29.9,0,2.6,27.4,156.18,155.143,153.528,3.844906737,3.680567086,3.432641768,0.3,1.9,7.4,2.865,3.902
31-07-2024,4.811264434,161.818,0.1,33.1,26.8,2024,7,213,1,29.95,1,0.4,16.2,159.045,155.875,153.558,4.320544809,3.796150791,3.437223434,0,2.3,11.3,2.773,5.943
01-08-2024,5.577710858,165.842,0,32.2,27.5,2024,8,214,1,29.85,0,0.1,7.1,161.818,156.18,153.924,4.811264434,3.844906737,3.492514908,0.1,0.3,9.1,4.024,9.662
02-08-2024,6.488403297,170.261,0.7,31.7,27,2024,8,215,1,29.35,1,0.8,5.3,165.842,159.045,154.412,5.577710858,4.320544809,3.567095819,0,0,2.5,4.419,11.216
03-08-2024,7.364809699,174.163,0.3,32.4,26.7,2024,8,216,1,29.55,1,1,3.7,170.261,161.818,155.143,6.488403297,4.811264434,3.680567086,0.7,0.1,1.9,3.902,12.345
04-08-2024,8.046764316,176.906,0.7,33.6,26.8,2024,8,217,1,30.2,1,1.7,2.1,174.163,165.842,155.875,7.364809699,5.577710858,3.796150791,0.3,0,2.3,2.743,11.064
05-08-2024,8.438760087,178.369,0.1,34.2,26.7,2024,8,218,1,30.45,1,1.1,1.9,176.906,170.261,156.18,8.046764316,6.488403297,3.844906737,0.7,0.7,0.3,1.463,8.108
06-08-2024,8.381574215,178.156,0.6,32.6,26.8,2024,8,219,1,29.7,1,1.4,2.5,178.369,174.163,159.045,8.438760087,7.364809699,4.320544809,0.1,0.3,0,-0.213,3.993
07-08-2024,8.455098907,178.43,12.6,27.4,24.9,2024,8,220,1,26.15,1,13.3,15,178.156,176.906,161.818,8.381574215,8.046764316,4.811264434,0.6,0.7,0.1,0.274,1.524
08-08-2024,8.521940823,178.826,1.3,32.3,25.1,2024,8,221,1,28.7,1,14.5,16.3,178.43,178.369,165.842,8.455098907,8.438760087,5.577710858,12.6,0.1,0,0.396,0.457
09-08-2024,8.667815059,179.222,0.4,33.1,25.9,2024,8,222,1,29.5,1,14.3,16,178.826,178.156,170.261,8.521940823,8.381574215,6.488403297,1.3,0.6,0.7,0.396,1.066
10-08-2024,8.65600127,179.009,0.2,33.9,26.5,2024,8,223,1,30.2,1,1.9,15.9,179.222,178.43,174.163,8.667815059,8.455098907,7.364809699,0.4,12.6,0.3,-0.213,0.579
11-08-2024,8.734523886,179.466,0.1,33.4,27.1,2024,8,224,1,30.25,1,0.7,15.3,179.009,178.826,176.906,8.65600127,8.521940823,8.046764316,0.2,1.3,0.7,0.457,0.64
13-08-2024,8.819208247,179.802,0.3,34.7,26.7,2024,8,226,1,30.7,1,0.6,15.5,179.466,179.222,178.369,8.734523886,8.667815059,8.438760087,0.1,0.4,0.1,0.336,0.58
14-08-2024,8.836002969,179.832,2.3,34.6,26.2,2024,8,227,1,30.4,1,2.7,17.2,179.802,179.009,178.156,8.819208247,8.65600127,8.381574215,0.3,0.2,0.6,0.03,0.823
15-08-2024,8.836002969,179.832,0.4,34.6,26.6,2024,8,228,1,30.6,1,3,5,179.832,179.466,178.43,8.836002969,8.734523886,8.455098907,2.3,0.1,12.6,0,0.366
16-08-2024,8.836002969,179.832,13.2,34.4,26.1,2024,8,229,1,30.25,1,15.9,16.9,179.832,179.802,178.826,8.836002969,8.819208247,8.521940823,0.4,0.3,1.3,0,0.03
17-08-2024,8.836002969,179.832,0.1,33.9,25.5,2024,8,230,1,29.7,1,13.7,16.6,179.832,179.832,179.222,8.836002969,8.836002969,8.667815059,13.2,2.3,0.4,0,0
18-08-2024,8.836002969,179.832,0.9,34.6,26.8,2024,8,231,1,30.7,1,14.2,17.3,179.832,179.832,179.009,8.836002969,8.836002969,8.65600127,0.1,0.4,0.2,0,0
19-08-2024,8.836002969,179.832,9,33.4,25.5,2024,8,232,1,29.45,1,10,26.2,179.832,179.832,179.466,8.836002969,8.836002969,8.734523886,0.9,13.2,0.1,0,0
20-08-2024,8.8022861,179.71,12,33.6,25.1,2024,8,233,1,29.35,1,21.9,37.9,179.832,179.832,179.802,8.836002969,8.836002969,8.819208247,9,0.1,0.3,-0.122,-0.122
21-08-2024,8.776902879,179.619,4,34.4,25.7,2024,8,234,1,30.05,1,25,39.6,179.71,179.832,179.832,8.8022861,8.836002969,8.836002969,12,0.9,2.3,-0.091,-0.213
22-08-2024,8.768441805,179.588,1.5,33.1,26.5,2024,8,235,1,29.8,1,17.5,40.7,179.619,179.832,179.832,8.776902879,8.836002969,8.836002969,4,9,0.4,-0.031,-0.244
23-08-2024,8.759958078,179.527,0.3,33.7,26.9,2024,8,236,1,30.3,1,5.8,27.8,179.588,179.71,179.832,8.768441805,8.8022861,8.836002969,1.5,12,13.2,-0.061,-0.183
25-08-2024,8.836130395,179.5881543,6.8,32,25.1,2024,8,238,1,28.55,1,8.6,34.5,179.527,179.619,179.832,8.759958078,8.776902879,8.836002969,0.3,4,0.1,0.0611543,-0.0308457
26-08-2024,8.827663658,179.527,0.2,32.7,26.5,2024,8,239,1,29.6,1,7.3,33.8,179.5881543,179.588,179.832,8.836130395,8.768441805,8.836002969,6.8,1.5,0.9,-0.0611543,-0.061
27-08-2024,8.827493757,179.588,0,33.2,26.8,2024,8,240,1,30,0,7,24.8,179.527,179.527,179.832,8.827663658,8.759958078,8.836002969,0.2,0.3,9,0.061,0.061
28-08-2024,8.836130395,179.832,0.4,32.7,26.5,2024,8,241,1,29.6,1,0.6,13.2,179.588,179.5881543,179.71,8.827493757,8.836130395,8.8022861,0,6.8,12,0.244,0.2438457
29-08-2024,8.836130395,179.832,1.1,32.9,26.5,2024,8,242,1,29.7,1,1.5,10.3,179.832,179.527,179.619,8.836130395,8.827663658,8.776902879,0.4,0.2,4,0,0.305
30-08-2024,8.768441805,179.588,24.2,29.7,25.6,2024,8,243,1,27.65,1,25.7,33,179.832,179.588,179.588,8.836130395,8.827493757,8.768441805,1.1,0,1.5,-0.244,0
31-08-2024,8.743149197,179.497,79,25.6,24.3,2024,8,244,1,24.95,1,104.3,111.7,179.588,179.832,179.527,8.768441805,8.836130395,8.759958078,24.2,0.4,0.3,-0.091,-0.335
01-09-2024,8.664439691,179.161,50.2,27.1,24.5,2024,9,245,1,25.8,1,153.4,155.1,179.497,179.832,179.5881543,8.743149197,8.836130395,8.836130395,79,1.1,6.8,-0.336,-0.671
02-09-2024,8.621573648,178.857,0.5,30.4,24.9,2024,9,246,1,27.65,1,129.7,155.4,179.161,179.588,179.527,8.664439691,8.768441805,8.827663658,50.2,24.2,0.2,-0.304,-0.731
03-09-2024,8.495945958,178.5823143,3.4,31.4,25.2,2024,9,247,1,28.3,1,54.1,158.8,178.857,179.497,179.588,8.621573648,8.743149197,8.827493757,0.5,79,0,-0.2746857,-0.9146857
04-09-2024,8.650938218,178.9175943,7.1,30.4,25,2024,9,248,1,27.7,1,11,165.5,178.5823143,179.161,179.832,8.495945958,8.664439691,8.836130395,3.4,50.2,0.4,0.33528,-0.2434057
05-09-2024,8.659376638,179.0699943,5.6,31.4,25.2,2024,9,249,1,28.3,1,16.1,170,178.9175943,178.857,179.832,8.650938218,8.621573648,8.836130395,7.1,0.5,1.1,0.1524,0.2129943
06-09-2024,8.793796709,179.68,1.9,29.6,25.5,2024,9,250,1,27.55,1,14.6,147.7,179.0699943,178.5823143,179.588,8.659376638,8.495945958,8.768441805,5.6,3.4,24.2,0.6100057,1.0976857
07-09-2024,8.819208247,179.771,4.5,29.5,25.8,2024,9,251,1,27.65,1,12,73.2,179.68,178.9175943,179.497,8.793796709,8.650938218,8.743149197,1.9,7.1,79,0.091,0.8534057
08-09-2024,8.726402614,179.4357543,70.2,27.3,24.6,2024,9,252,1,25.95,1,76.6,93.2,179.771,179.0699943,179.161,8.819208247,8.659376638,8.664439691,4.5,5.6,50.2,-0.3352457,0.36576
09-09-2024,8.684493681,179.283,22.4,26.7,25,2024,9,253,1,25.85,1,97.1,115.1,179.4357543,179.68,178.857,8.726402614,8.793796709,8.621573648,70.2,1.9,0.5,-0.1527543,-0.397
10-09-2024,8.785301655,179.649,1.2,31.5,25.4,2024,9,254,1,28.45,1,93.8,112.9,179.283,179.771,178.5823143,8.684493681,8.819208247,8.495945958,22.4,4.5,3.4,0.366,-0.122
11-09-2024,8.836130395,179.5271943,0,32.1,25.9,2024,9,255,1,29,0,23.6,105.8,179.649,179.4357543,178.9175943,8.785301655,8.726402614,8.650938218,1.2,70.2,7.1,-0.1218057,0.09144
12-09-2024,8.827776925,179.802,0,31.6,25.3,2024,9,256,1,28.45,0,1.2,100.2,179.5271943,179.283,179.0699943,8.836130395,8.684493681,8.659376638,0,22.4,5.6,0.2748057,0.519
13-09-2024,8.827776925,179.8021238,0,31.6,25,2024,9,257,1,28.3,0,0,98.3,179.802,179.649,179.68,8.827776925,8.785301655,8.793796709,0,1.2,1.9,0.0001238,0.1531238
14-09-2024,8.836271979,179.832,0,31.8,25.5,2024,9,258,1,28.65,0,0,93.8,179.8021238,179.5271943,179.771,8.827776925,8.836130395,8.819208247,0,0,4.5,0.0298762,0.3048057
15-09-2024,8.836271979,179.832,0,32.5,25.7,2024,9,259,1,29.1,0,0,23.6,179.832,179.802,179.4357543,8.836271979,8.827776925,8.726402614,0,0,70.2,0,0.03
16-09-2024,8.819281871,179.771,0.3,31.5,26.1,2024,9,260,1,28.8,1,0.3,1.5,179.832,179.8021238,179.283,8.836271979,8.827776925,8.684493681,0,0,22.4,-0.061,-0.0311238
17-09-2024,8.827776925,179.802,0,33,25.9,2024,9,261,1,29.45,0,0.3,0.3,179.771,179.832,179.649,8.819281871,8.836271979,8.785301655,0.3,0,1.2,0.031,-0.03
18-09-2024,8.827776925,179.802,0,32.2,24.7,2024,9,262,1,28.45,0,0.3,0.3,179.802,179.832,179.5271943,8.827776925,8.836271979,8.836130395,0,0,0,0,-0.03
19-09-2024,8.810786817,179.741,0,33.3,26,2024,9,263,1,29.65,0,0,0.3,179.802,179.771,179.802,8.827776925,8.819281871,8.827776925,0,0.3,0,-0.061,-0.03
20-09-2024,8.827776925,179.802,2,33.2,26.1,2024,9,264,1,29.65,1,2,2.3,179.741,179.802,179.8021238,8.810786817,8.827776925,8.827776925,0,0,0,0.061,0
21-09-2024,8.819281871,179.771,7.4,31.9,25,2024,9,265,1,28.45,1,9.4,9.7,179.802,179.802,179.832,8.827776925,8.827776925,8.836271979,2,0,0,-0.031,-0.031
22-09-2024,8.785301655,179.649,3.1,31.6,25.2,2024,9,266,1,28.4,1,12.5,12.8,179.771,179.741,179.832,8.819281871,8.810786817,8.836271979,7.4,0,0,-0.122,-0.092
23-09-2024,8.785301655,179.6491143,13.3,31.1,24.3,2024,9,267,1,27.7,1,23.8,25.8,179.649,179.802,179.771,8.785301655,8.827776925,8.819281871,3.1,2,0.3,0.0001143,-0.1528857
24-09-2024,8.793796709,179.68,4.3,31.7,25.4,2024,9,268,1,28.55,1,20.7,30.1,179.6491143,179.771,179.802,8.785301655,8.819281871,8.827776925,13.3,7.4,0,0.0308857,-0.091
25-09-2024,8.768311547,179.588,14.3,30.8,25.2,2024,9,269,1,28,1,31.9,44.4,179.68,179.649,179.802,8.793796709,8.785301655,8.827776925,4.3,3.1,0,-0.092,-0.061
26-09-2024,8.743109554,179.497,0.6,31.1,26.1,2024,9,270,1,28.6,1,19.2,45,179.588,179.6491143,179.741,8.768311547,8.785301655,8.810786817,14.3,13.3,0,-0.091,-0.1521143
27-09-2024,8.743109554,179.497,4,32,25.2,2024,9,271,1,28.6,1,18.9,47,179.497,179.68,179.802,8.743109554,8.793796709,8.827776925,0.6,4.3,2,0,-0.183
28-09-2024,8.734897668,179.466,2.9,31.3,25.1,2024,9,272,1,28.2,1,7.5,42.5,179.497,179.588,179.771,8.743109554,8.768311547,8.819281871,4,14.3,7.4,-0.031,-0.122
29-09-2024,8.743109554,179.497,1.9,32,25.5,2024,9,273,1,28.75,1,8.8,41.3,179.466,179.497,179.649,8.734897668,8.743109554,8.785301655,2.9,0.6,3.1,0.031,0
30-09-2024,8.751604608,179.527,0.1,32.5,24.9,2024,9,274,1,28.7,1,4.9,28.1,179.497,179.497,179.6491143,8.743109554,8.743109554,8.785301655,1.9,4,13.3,0.03,0.03
01-10-2024,8.71790756,179.405,0,33.2,25.1,2024,10,275,0,29.15,0,2,23.8,179.527,179.466,179.68,8.751604608,8.734897668,8.793796709,0.1,2.9,4.3,-0.122,-0.061
02-10-2024,8.726402614,179.436,0,34.3,25.7,2024,10,276,0,30,0,0.1,9.5,179.405,179.497,179.588,8.71790756,8.743109554,8.768311547,0,1.9,14.3,0.031,-0.061
03-10-2024,8.701200621,179.344,0,33.9,26.8,2024,10,277,0,30.35,0,0,8.9,179.436,179.527,179.497,8.726402614,8.751604608,8.743109554,0,0.1,0.6,-0.092,-0.183
04-10-2024,8.667786742,179.222,0,33.6,26.4,2024,10,278,0,30,0,0,4.9,179.344,179.405,179.497,8.701200621,8.71790756,8.743109554,0,0,4,-0.122,-0.183
05-10-2024,8.676281796,179.253,0,32.8,26.4,2024,10,279,0,29.6,0,0,2,179.222,179.436,179.466,8.667786742,8.726402614,8.734897668,0,0,2.9,0.031,-0.183
06-10-2024,8.709695675,179.375,0.2,32.9,25.5,2024,10,280,0,29.2,1,0.2,0.3,179.253,179.344,179.497,8.676281796,8.701200621,8.743109554,0,0,1.9,0.122,0.031
07-10-2024,8.726402614,179.436,1.1,32,24.7,2024,10,281,0,28.35,1,1.3,1.3,179.375,179.222,179.527,8.709695675,8.667786742,8.751604608,0.2,0,0.1,0.061,0.214
08-10-2024,8.734897668,179.466,2,30.7,24.2,2024,10,282,0,27.45,1,3.3,3.3,179.436,179.253,179.405,8.726402614,8.676281796,8.71790756,1.1,0,0,0.03,0.213
09-10-2024,8.734897668,179.466,2.4,31.1,24.1,2024,10,283,0,27.6,1,5.5,5.7,179.466,179.375,179.436,8.734897668,8.709695675,8.726402614,2,0.2,0,0,0.091
10-10-2024,8.751604608,179.832,8.9,30.2,24.4,2024,10,284,0,27.3,1,13.3,14.6,179.466,179.436,179.344,8.734897668,8.726402614,8.701200621,2.4,1.1,0,0.366,0.396
11-10-2024,8.802291763,179.71,6,30.5,23.6,2024,10,285,0,27.05,1,17.3,20.6,179.832,179.466,179.222,8.751604608,8.734897668,8.667786742,8.9,2,0,-0.122,0.244
12-10-2024,8.751604608,179.527,2.8,30.2,23.7,2024,10,286,0,26.95,1,17.7,23.4,179.71,179.466,179.253,8.802291763,8.734897668,8.676281796,6,2.4,0,-0.183,0.061
13-10-2024,8.71790756,179.405,0.7,31.6,24.1,2024,10,287,0,27.85,1,9.5,23.9,179.527,179.832,179.375,8.751604608,8.751604608,8.709695675,2.8,8.9,0.2,-0.122,-0.427
14-10-2024,8.726402614,179.436,2,29.7,23.9,2024,10,288,0,26.8,1,5.5,24.8,179.405,179.71,179.436,8.71790756,8.802291763,8.726402614,0.7,6,1.1,0.031,-0.274
15-10-2024,8.760099662,179.558,1.4,29.3,24.7,2024,10,289,0,27,1,4.1,24.2,179.436,179.527,179.466,8.726402614,8.751604608,8.734897668,2,2.8,2,0.122,0.031
16-10-2024,8.836271979,179.832,4.8,29.5,23.6,2024,10,290,0,26.55,1,8.2,26.6,179.558,179.405,179.466,8.760099662,8.71790756,8.734897668,1.4,0.7,2.4,0.274,0.427
17-10-2024,8.827776925,179.802,9.7,30.5,24.1,2024,10,291,0,27.3,1,15.9,27.4,179.832,179.436,179.832,8.836271979,8.726402614,8.751604608,4.8,2,8.9,-0.03,0.366
18-10-2024,8.827776925,179.802,5.6,29.8,24.2,2024,10,292,0,27,1,20.1,27,179.802,179.558,179.71,8.827776925,8.760099662,8.802291763,9.7,1.4,6,0,0.244
19-10-2024,8.836271979,179.832,2.5,30.4,24,2024,10,293,0,27.2,1,17.8,26.7,179.802,179.832,179.527,8.827776925,8.836271979,8.751604608,5.6,4.8,2.8,0.03,0
20-10-2024,8.819281871,179.771,6.4,31,24.1,2024,10,294,0,27.55,1,14.5,32.4,179.832,179.802,179.405,8.836271979,8.827776925,8.71790756,2.5,9.7,0.7,-0.061,-0.031
21-10-2024,8.760099662,179.558,1.9,31.1,23.2,2024,10,295,0,27.15,1,10.8,32.3,179.771,179.802,179.436,8.819281871,8.827776925,8.726402614,6.4,5.6,2,-0.213,-0.244
22-10-2024,8.726402614,179.436,15.4,31.2,22.9,2024,10,296,0,27.05,1,23.7,46.3,179.558,179.832,179.558,8.760099662,8.836271979,8.760099662,1.9,2.5,1.4,-0.122,-0.396
23-10-2024,8.768311547,179.588,0.2,32.9,24,2024,10,297,0,28.45,1,17.5,41.7,179.436,179.771,179.832,8.726402614,8.819281871,8.836271979,15.4,6.4,4.8,0.152,-0.183
24-10-2024,8.819281871,179.771,0,32.6,24.1,2024,10,298,0,28.35,0,15.6,32,179.588,179.558,179.802,8.768311547,8.760099662,8.827776925,0.2,1.9,9.7,0.183,0.213
25-10-2024,8.810786817,179.741,0,32.6,23.3,2024,10,299,0,27.95,0,0.2,26.4,179.771,179.436,179.802,8.819281871,8.726402614,8.827776925,0,15.4,5.6,-0.03,0.305
26-10-2024,8.793796709,179.68,0,32.8,24.6,2024,10,300,0,28.7,0,0,23.9,179.741,179.588,179.832,8.810786817,8.768311547,8.836271979,0,0.2,2.5,-0.061,0.092
27-10-2024,8.802291763,179.71,0,33,23.8,2024,10,301,0,28.4,0,0,17.5,179.68,179.771,179.771,8.793796709,8.819281871,8.819281871,0,0,6.4,0.03,-0.061
28-10-2024,8.819281871,179.771,0,32.4,23,2024,10,302,0,27.7,0,0,15.6,179.71,179.741,179.558,8.802291763,8.810786817,8.760099662,0,0,1.9,0.061,0.03
29-10-2024,8.827776925,179.802,0,33,23.7,2024,10,303,0,28.35,0,0,0.2,179.771,179.68,179.436,8.819281871,8.793796709,8.726402614,0,0,15.4,0.031,0.122
30-10-2024,8.836271979,179.832,5,32.3,23.8,2024,10,304,0,28.05,1,5,5,179.802,179.71,179.588,8.827776925,8.802291763,8.768311547,0,0,0.2,0.03,0.122
31-10-2024,8.836271979,179.8319942,0.5,30.8,23.7,2024,10,305,0,27.25,1,5.5,5.5,179.832,179.771,179.771,8.836271979,8.819281871,8.819281871,5,0,0,-5.80E-06,0.0609942
01-11-2024,8.802291763,179.71,0,31.7,23.4,2024,11,306,0,27.55,0,5.5,5.5,179.8319942,179.802,179.741,8.836271979,8.827776925,8.810786817,0.5,0,0,-0.1219942,-0.092
03-11-2024,8.684555978,179.283,20.7,30.1,22.8,2024,11,308,0,26.45,1,21.2,26.2,179.71,179.832,179.68,8.802291763,8.836271979,8.793796709,0,5,0,-0.427,-0.549
04-11-2024,8.661064322,179.1,0,31.5,23,2024,11,309,0,27.25,0,20.7,26.2,179.283,179.8319942,179.71,8.684555978,8.836271979,8.802291763,20.7,0.5,0,-0.183,-0.7319942
05-11-2024,8.606905522,178.826,0,31.7,23,2024,11,310,0,27.35,0,20.7,26.2,179.1,179.71,179.771,8.661064322,8.802291763,8.819281871,0,0,0,-0.274,-0.884
06-11-2024,8.548162223,178.704,0,32.7,22.7,2024,11,311,0,27.7,0,0,26.2,178.826,179.283,179.802,8.606905522,8.684555978,8.827776925,0,20.7,0,-0.122,-0.579
07-11-2024,8.533564889,178.674,0,31.9,22.3,2024,11,312,0,27.1,0,0,21.2,178.704,179.1,179.832,8.548162223,8.661064322,8.836271979,0,0,5,-0.03,-0.426
08-11-2024,8.577456001,178.765,0.1,30.8,22.2,2024,11,313,0,26.5,1,0.1,20.8,178.674,178.826,179.8319942,8.533564889,8.606905522,8.836271979,0,0,0.5,0.091,-0.061
09-11-2024,8.650938218,178.918,0.1,31.6,22.4,2024,11,314,0,27,1,0.2,20.9,178.765,178.704,179.71,8.577456001,8.548162223,8.802291763,0.1,0,0,0.153,0.214
10-11-2024,8.657875846,179.04,0,32.4,22.4,2024,11,315,0,27.4,0,0.2,0.2,178.918,178.674,179.283,8.650938218,8.533564889,8.684555978,0.1,0,20.7,0.122,0.366
11-11-2024,8.650796634,178.918,0,31.9,21.7,2024,11,316,0,26.8,0,0.1,0.2,179.04,178.765,179.1,8.657875846,8.577456001,8.661064322,0,0.1,0,-0.122,0.153
12-11-2024,8.650938218,178.918,2.5,30.9,23.1,2024,11,317,0,27,1,2.5,2.7,178.918,178.918,178.826,8.650796634,8.650938218,8.606905522,0,0.1,0,0,0
13-11-2024,8.592209078,178.796,4.6,31.9,23.5,2024,11,318,0,27.7,1,7.1,7.3,178.918,179.04,178.704,8.650938218,8.657875846,8.548162223,2.5,0,0,-0.122,-0.244
14-11-2024,8.562759558,178.735,16.2,31.8,22.9,2024,11,319,0,27.35,1,23.3,23.5,178.796,178.918,178.674,8.592209078,8.650796634,8.533564889,4.6,0,0,-0.061,-0.183
15-11-2024,8.504115369,178.613,1,31.1,23.4,2024,11,320,0,27.25,1,21.8,24.4,178.735,178.918,178.765,8.562759558,8.650938218,8.577456001,16.2,2.5,0.1,-0.122,-0.305
16-11-2024,8.463211684,178.46,0.3,32,23.8,2024,11,321,0,27.9,1,17.5,24.6,178.613,178.796,178.918,8.504115369,8.592209078,8.650938218,1,4.6,0.1,-0.153,-0.336
17-11-2024,8.430491567,178.338,0.9,30.5,22.5,2024,11,322,0,26.5,1,2.2,25.5,178.46,178.735,179.04,8.463211684,8.562759558,8.657875846,0.3,16.2,0,-0.122,-0.397
18-11-2024,8.406082446,178.247,4.6,29.7,22.2,2024,11,323,0,25.95,1,5.8,30.1,178.338,178.613,178.918,8.430491567,8.504115369,8.650796634,0.9,1,0,-0.091,-0.366
19-11-2024,8.381574215,178.156,0,28.9,20.9,2024,11,324,0,24.9,0,5.5,27.6,178.247,178.46,178.918,8.406082446,8.463211684,8.650938218,4.6,0.3,2.5,-0.091,-0.304
20-11-2024,8.373404805,178.125,0,28.8,20.3,2024,11,325,0,24.55,0,4.6,23,178.156,178.338,178.796,8.381574215,8.430491567,8.592209078,0,0.9,4.6,-0.031,-0.213
21-11-2024,8.389715308,178.186,0,28.5,19.8,2024,11,326,0,24.15,0,0,6.8,178.125,178.247,178.735,8.373404805,8.406082446,8.562759558,0,4.6,16.2,0.061,-0.061
22-11-2024,8.422421266,178.308,0,29.1,19.5,2024,11,327,0,24.3,0,0,5.8,178.186,178.156,178.613,8.389715308,8.381574215,8.504115369,0,0,1,0.122,0.152
23-11-2024,8.455098907,178.43,0,29.2,19.1,2024,11,328,0,24.15,0,0,5.5,178.308,178.125,178.46,8.422421266,8.373404805,8.463211684,0,0,0.3,0.122,0.305
24-11-2024,8.479607138,178.521,0,30,20.2,2024,11,329,0,25.1,0,0,4.6,178.43,178.186,178.338,8.455098907,8.389715308,8.430491567,0,0,0.9,0.091,0.335
25-11-2024,8.548289649,178.704,0,29.5,19.8,2024,11,330,0,24.65,0,0,0,178.521,178.308,178.247,8.479607138,8.422421266,8.406082446,0,0,4.6,0.183,0.396
26-11-2024,8.592209078,178.796,0,30.4,20,2024,11,331,0,25.2,0,0,0,178.704,178.43,178.156,8.548289649,8.455098907,8.381574215,0,0,0,0.092,0.366
27-11-2024,8.650796634,178.918,0,29.5,20.2,2024,11,332,0,24.85,0,0,0,178.796,178.521,178.125,8.592209078,8.479607138,8.373404805,0,0,0,0.122,0.397
28-11-2024,8.65600127,179.009,0,29,18.4,2024,11,333,0,23.7,0,0,0,178.918,178.704,178.186,8.650796634,8.548289649,8.389715308,0,0,0,0.091,0.305
29-11-2024,8.661047332,179.1004743,0.2,28.7,21.3,2024,11,334,0,25,1,0.2,0.2,179.009,178.796,178.308,8.65600127,8.592209078,8.422421266,0,0,0,0.0914743,0.3044743
30-11-2024,8.664439691,179.161,3.5,28.6,22.8,2024,11,335,0,25.7,1,3.7,3.7,179.1004743,178.918,178.43,8.661047332,8.650796634,8.455098907,0.2,0,0,0.0605257,0.243
01-12-2024,8.667815059,179.222,8.8,27.7,23.5,2024,12,336,0,25.6,1,12.5,12.5,179.161,179.009,178.521,8.664439691,8.65600127,8.479607138,3.5,0,0,0.061,0.213
02-12-2024,8.660990699,179.1,12.8,29.2,22.8,2024,12,337,0,26,1,25.1,25.3,179.222,179.1004743,178.704,8.667815059,8.661047332,8.548289649,8.8,0.2,0,-0.122,-0.0004743
03-12-2024,8.657773905,179.04,6.6,27.8,23.1,2024,12,338,0,25.45,1,28.2,31.9,179.1,179.161,178.796,8.660990699,8.664439691,8.592209078,12.8,3.5,0,-0.06,-0.121
04-12-2024,8.650938218,178.918,2.6,29.3,23.1,2024,12,339,0,26.2,1,22,34.5,179.04,179.222,178.918,8.657773905,8.667815059,8.650796634,6.6,8.8,0,-0.122,-0.304
05-12-2024,8.577526793,178.765,31.7,28.5,22.4,2024,12,340,0,25.45,1,40.9,66.2,178.918,179.1,179.009,8.650938218,8.660990699,8.65600127,2.6,12.8,0,-0.153,-0.335
06-12-2024,8.533479938,178.674,0.8,29.1,22.5,2024,12,341,0,25.8,1,35.1,66.8,178.765,179.04,179.1004743,8.577526793,8.657773905,8.661047332,31.7,6.6,0.2,-0.091,-0.366
07-12-2024,8.479607138,178.521,0,30.3,23.1,2024,12,342,0,26.7,0,32.5,63.3,178.674,178.918,179.161,8.533479938,8.650938218,8.664439691,0.8,2.6,3.5,-0.153,-0.397
08-12-2024,8.430491567,178.338,0,29.3,23.4,2024,12,343,0,26.35,0,0.8,54.5,178.521,178.765,179.222,8.479607138,8.577526793,8.667815059,0,31.7,8.8,-0.183,-0.427
09-12-2024,8.373404805,178.125,0.1,29.5,22.6,2024,12,344,0,26.05,1,0.1,41.8,178.338,178.674,179.1,8.430491567,8.533479938,8.660990699,0,0.8,12.8,-0.213,-0.549
10-12-2024,8.324405333,177.79,1.3,29.5,22.3,2024,12,345,0,25.9,1,1.4,36.5,178.125,178.521,179.04,8.373404805,8.479607138,8.657773905,0.1,0,6.6,-0.335,-0.731
11-12-2024,8.275315248,177.759,0,29.1,20.6,2024,12,346,0,24.85,0,1.4,33.9,177.79,178.338,178.918,8.324405333,8.430491567,8.650938218,1.3,0,2.6,-0.031,-0.579
12-12-2024,8.234609781,177.607,0,27.1,19.5,2024,12,347,0,23.3,0,1.3,2.2,177.759,178.125,178.765,8.275315248,8.373404805,8.577526793,0,0.1,31.7,-0.152,-0.518
13-12-2024,8.18559332,177.424,0,28.1,20.5,2024,12,348,0,24.3,0,0,1.4,177.607,177.79,178.674,8.234609781,8.324405333,8.533479938,0,1.3,0.8,-0.183,-0.366
14-12-2024,8.144774585,177.272,0,27.9,19.3,2024,12,349,0,23.6,0,0,1.4,177.424,177.759,178.521,8.18559332,8.275315248,8.479607138,0,0,0,-0.152,-0.487
15-12-2024,8.087568892,177.058,0,27.4,18.8,2024,12,350,0,23.1,0,0,1.4,177.272,177.607,178.338,8.144774585,8.234609781,8.430491567,0,0,0,-0.214,-0.549
16-12-2024,8.02228157,176.814,0,26.7,16.8,2024,12,351,0,21.75,0,0,1.3,177.058,177.424,178.125,8.087568892,8.18559332,8.373404805,0,0,0.1,-0.244,-0.61
17-12-2024,7.989518979,176.693,0,28.7,16.7,2024,12,352,0,22.7,0,0,0,176.814,177.272,177.79,8.02228157,8.144774585,8.324405333,0,0,1.3,-0.121,-0.579
18-12-2024,7.940326953,176.51,0,29.6,19,2024,12,353,0,24.3,0,0,0,176.693,177.058,177.759,7.989518979,8.087568892,8.275315248,0,0,0,-0.183,-0.548
19-12-2024,7.907700282,176.388,3.7,28.4,20.8,2024,12,354,0,24.6,1,3.7,3.7,176.51,176.814,177.607,7.940326953,8.02228157,8.234609781,0,0,0,-0.122,-0.426
20-12-2024,7.858870712,176.205,1.7,30.8,22.3,2024,12,355,0,26.55,1,5.4,5.4,176.388,176.693,177.424,7.907700282,7.989518979,8.18559332,3.7,0,0,-0.183,-0.488
21-12-2024,7.817998176,176.052,0.6,30.9,22.2,2024,12,356,0,26.55,1,6,6,176.205,176.51,177.272,7.858870712,7.940326953,8.144774585,1.7,0,0,-0.153,-0.458
22-12-2024,7.777284214,175.9,0.1,28.9,21.3,2024,12,357,0,25.1,1,2.4,6.1,176.052,176.388,177.058,7.817998176,7.907700282,8.087568892,0.6,3.7,0,-0.152,-0.488
23-12-2024,7.738144668,175.748,0,30.3,20.8,2024,12,358,0,25.55,0,0.7,6.1,175.9,176.205,176.814,7.777284214,7.858870712,8.02228157,0.1,1.7,0,-0.152,-0.457
24-12-2024,7.69170504,175.565,0.7,27.7,22.7,2024,12,359,0,25.2,1,0.8,6.8,175.748,176.052,176.693,7.738144668,7.817998176,7.989518979,0,0.6,0,-0.183,-0.487
25-12-2024,7.656124922,175.412,0.9,26.7,22.2,2024,12,360,0,24.45,1,1.6,7.7,175.565,175.9,176.51,7.69170504,7.777284214,7.940326953,0.7,0.1,0,-0.153,-0.488
26-12-2024,7.599298674,175.169,6.2,25.9,21.8,2024,12,361,0,23.85,1,7.8,10.2,175.412,175.748,176.388,7.656124922,7.738144668,7.907700282,0.9,0,3.7,-0.243,-0.579
27-12-2024,7.563712893,175.016,0,28.2,22.1,2024,12,362,0,25.15,0,7.1,8.5,175.169,175.565,176.205,7.599298674,7.69170504,7.858870712,6.2,0.7,1.7,-0.153,-0.549
28-12-2024,7.506914962,174.772,0.2,28.9,19.9,2024,12,363,0,24.4,1,6.4,8.1,175.016,175.412,176.052,7.563712893,7.656124922,7.817998176,0,0.9,0.6,-0.244,-0.64
29-12-2024,7.450066061,174.528,0,28.5,20,2024,12,364,0,24.25,0,0.2,8,174.772,175.169,175.9,7.506914962,7.599298674,7.777284214,0.2,6.2,0.1,-0.244,-0.641
30-12-2024,7.393205833,174.285,0,29.3,20.2,2024,12,365,0,24.75,0,0.2,8,174.528,175.016,175.748,7.450066061,7.563712893,7.738144668,0,0,0,-0.243,-0.731
31-12-2024,7.350611633,174.102,0,29.3,20.7,2024,12,366,0,25,0,0,7.3,174.285,174.772,175.565,7.393205833,7.506914962,7.69170504,0,0.2,0.7,-0.183,-0.67
